web site,terms list,sub catergory 2,sub catergory 1,main category
Cosmo Learning,"At CosmoLearning, the privacy of our visitors is of extreme importance to us. This privacy policy document outlines the types of personal information is received and collected by CosmoLearning and how it is used.",,,"1. Privacy Policy
"
,"Like many other Web sites, CosmoLearning makes use of log files. The information inside the log files includes internet protocol ( IP ) addresses, type of browser, Internet Service Provider ( ISP ), date/time stamp, referring/exit pages, and number of clicks to analyze trends, administer the site, track user�s movement around the site, and gather demographic information. IP addresses, and other such information are not linked to any information that is personally identifiable.",,1.1 Log Files,
,"CosmoLearning does use cookies to store information about visitors preferences, record user-specific information on which pages the user access or visit, customize Web page content based on visitors browser type or other information that the visitor sends via their browser.",,1.2 Cookies and Web Beacons,
," Google, as a third party vendor, uses cookies to serve ads on CosmoLearning.Google's use of the DART cookie enables it to serve ads to your users based on their visit to CosmoLearning and other sites on the Internet.Users may opt out of the use of the DART cookie by visiting the Google ad and content network privacy policy at the following URL http://www.google.com/privacy_ads.html Some of our advertising partners may use cookies and web beacons on our site. Our advertising partners include Google Adsense.
",1.2.1 DoubleClick DART Cookie,,
,"By accessing CosmoLearning.com or any of its subdomains, you agree to be bound by the following Terms of Service, all applicable laws and regulations, and agree that you are responsible for compliance with those laws. If you do not agree with any of these terms, you are prohibited from using or accessing this site. The materials published on CosmoLearning.com are protected by applicable copyright and trade mark law.",,2.1 Terms,2.Terms of Service
,"CosmoLearning can not make any warranties about the accuracy and legality of third party content published on this site and, therefore, is not responsible for any kind of law infringement or inaccuracy made by them.",,2.2 Third Party Content,
,"CosmoLearning is not liable to the users of this service for the content, quality, performance or any other aspect of any information provided by and transmitted by this service or for any errors in the transmission of such information. Nor is CosmoLearning accountable to any person or organization for any reparation arising in any conduct out of the use of the information made accessible by this service. The users acknowledge that they assume all risk and/or responsibility for any loss or damage arising from the uses to which the information provided by this service is put. Many contents in CosmoLearning do not contain individual copyright notices. The lack of a notice does not mean that the material is not protected by copyright law. All external material on CosmoLearning is copyrighted by their respective owners. In no way will CosmoLearning be held responsible for any external material on its website. In using the CosmoLearning content you acknowledge that CosmoLearning is not liable for the use of any content on this domain. All information on CosmoLearning is provided as a free public service and, being presented as such, with no payment required (nor implied) to view",,2.3  Liability,
