Web site,,Terms List,SUB CATEGORY 2,SUB CATEGORY 1,MAIN CATEGORY
LinkedIn,,"Registration                                                                                                    To create an account you need to provide data including your name, email address and/or mobile number, and a password. If you register for a premium Service, you will need to provide payment (e.g., credit card) and billing information.    ",1.1 Data You Provide To Us,1. Data We Collect,Privacy policy
,,"Profile                                                                                                                                   You have choices about the information on your profile, such as your education, work experience, skills, photo, city or area and endorsements. Some Members may choose to complete a separate ProFinder profile. You don’t have to provide additional information on your profile; however, profile information helps you to get more from our Services, including helping recruiters and business opportunities find you. It’s your choice whether to include sensitive information on your profile and to make that sensitive information public. Please do not post or add personal data to your profile that you would not want to be publicly available.

",,, 
,,"Posting and Uploading                                                                                                              We collect personal data from you when you provide, post or upload it to our Services, such as when you fill out a form, (e.g., with demographic data or salary), respond to a survey, or submit a resume or fill out a job application on our Services. If you opt to import your address book, we receive your contacts (including contact information your service provider(s) or app automatically added to your address book when you communicated with addresses or numbers not already in your list).

If you sync your contacts or calendars with our Services, we will collect your address book and calendar meeting information to keep growing your network by suggesting connections for you and others, and by providing information about events, e.g. times, places, attendees and contacts.

You don’t have to post or upload personal data; though if you don’t, it may limit your ability to grow and engage with your network over our Services.",,,
,,"Content and News
You and others may post content that includes information about you (as part of articles, posts, comments, videos) on our Services. We also may collect public information about you, such as professional-related news and accomplishments, and make it available as part of our Services, including, as permitted by your settings, in notifications to others of mentions in the news.",1.2 Data From Others,,
,,"Contact and Calendar Information
We receive personal data (including contact information) about you when others import or sync their contacts or calendar with our Services, associate their contacts with Member profiles, scan and upload business cards, or send messages using our Services (including invites or connection requests). If you or others opt-in to sync email accounts with our Services, we will also collect “email header” information that we can associate with Member profiles.",,,
,,"Partners
We receive personal data (e.g., your job title and work email address) about you when you use the services of our customers and partners, such as employers or prospective employers and applicant tracking systems providing us job application data.

", ,,
,,"Related Companies and Other Services
We receive data about you when you use some of the other services provided by us or our affiliates, including Microsoft. For example, you may choose to send us information about your contacts in Microsoft apps and services, such as Outlook, for improved professional networking activities on our Services",,,
,,"We log usage data when you visit or otherwise use our Services, including our sites, app and platform technology, such as when you view or click on content (e.g., learning video) or ads (on or off our sites and apps), perform a search, install or update one of our mobile apps, share articles or apply for jobs. We use log-ins, cookies, device information and internet protocol (“IP”) addresses to identify you and log your use.",1.3 Service Use,,
,,"As further described in our Cookie Policy, we use cookies and similar technologies (e.g., pixels and ad tags) to collect data (e.g., device IDs) to recognize you and your device(s) on, off and across different services and devices where you have engaged with our Services. We also allow some others to use cookies as described in our Cookie Policy. If you are outside the Designated Countries, we also collect (or rely on others who collect) information about your device where you have not engaged with our Services (e.g., ad ID, IP address, operating system and browser information) so we can provide our Members with relevant ads and better understand their effectiveness. Learn more. You can opt out from our use of data from cookies and similar technologies that track your behavior on the sites of others for ad targeting and other ad-related purposes. For Visitors, the controls are here.
","1.4 Cookies and Similar Technologies
 ",,
,,"When you visit or leave our Services (including some plugins and our cookies or similar technology on the sites of others), we receive the URL of both the site you came from and the one you go to and the time of your visit. We also get information about your network and device (e.g., IP address, proxy server, operating system, web browser and add-ons, device identifier and features, cookie IDs and/or ISP, or your mobile carrier). If you use our Services from a mobile device, that device will send us data about your location based on your phone settings. We will ask you to opt-in before we use GPS or other tools to identify your precise location.","1.5 Your Device and Location
",,
,,"We collect information about you when you send, receive, or engage with messages in connection with our Services. For example, if you get a LinkedIn connection request, we track whether you have acted on it and will send you reminders. We also use automatic scanning technology on messages to support and protect our site. For example, we use this technology to suggest possible responses to messages and to manage or block content that violates our User Agreement or Professional Community Policies from our Services.","1.6 Messages
 ",,
,,"Others buying our Services for your use, such as your employer or your school, provide us with personal data about you and your eligibility to use the Services that they purchase for use by their workers, students or alumni. For example, we will get contact information for “Company Page” administrators and for authorizing users of our premium Services, such as our recruiting, sales or learning products.

",1.7 Workplace and School Provided Information,,
,,"We receive information about your visits and interaction with services provided by others when you log-in with LinkedIn or visit others’ services that include some of our plugins (such as “Apply with LinkedIn”) or our ads, cookies or similar technologies","1.8 Sites and Services of Others
",,
,,"The client selects the link in the SMS and gets redirected to the video call on their web browser.After the call is ended, the user is redirected to a Thank you page.",1.9 Other,,
,,"We use your data to provide, support, personalize and develop our Services.",,"2. How We Use Your Data
",
,,"Stay Connected
Our Services allow you to stay in touch and up to date with colleagues, partners, clients, and other professional contacts. To do so, you can “connect” with the professionals who you choose, and who also wish to “connect” with you. Subject to your and their settings, when you connect with other Members, you will be able to search each others’ connections in order to exchange professional opportunities.

We use data about you (such as your profile, profiles you have viewed or data provided through address book uploads or partner integrations) to help others find your profile, suggest connections for you and others (e.g. Members who share your contacts or job experiences) and enable you to invite others to become a Member and connect with you. You can also opt-in to allow us to use your precise location or proximity to others for certain tasks (e.g. to suggest other nearby Members for you to connect with, calculate the commute to a new job, or notify your connections that you are at a professional event).

It is your choice whether to invite someone to our Services, send a connection request, or allow another Member to become your connection. When you invite someone to connect with you, your invitation will include your network and basic profile information (e.g., name, profile photo, job title, region). We will send invitation reminders to the person you invited. You can choose whether or not to share your own list of connections with your connections.

Visitors have choices about how we use their data.","2.1 Services
",,
,,"Stay Informed
Our Services allow you to stay informed about news, events and ideas regarding professional topics you care about, and from professionals you respect. Our Services also allow you to improve your professional skills, or learn new ones. We use the data we have about you (e.g., data you provide, data we collect from your engagement with our Services and inferences we make from the data we have about you), to personalize our Services for you, such as by recommending or ranking relevant content and conversations on our Services. We also use the data we have about you to suggest skills you could add to your profile and skills that you might need to pursue your next opportunity. So, if you let us know that you are interested in a new skill (e.g., by watching a learning video), we will use this information to personalize content in your feed, suggest that you follow certain members on our site, or suggest related learning content to help you towards that new skill. We use your content, activity and other data, including your name and photo, to provide notices to your network and others. For example, subject to your settings, we may notify others that you have updated your profile, posted content, took a social action, used a feature, made new connections or were mentioned in the news.",,,
,,"Career
Our Services allow you to explore careers, evaluate educational opportunities, and seek out, and be found for, career opportunities. Your profile can be found by those looking to hire (for a job or a specific task) or be hired by you. We will use your data to recommend jobs or mentees, show you and others relevant professional contacts (e.g., who work at a company, in an industry, function or location or have certain skills and connections). You can signal that you are interested in changing jobs and share information with recruiters. We will use your data to recommend jobs to you and you to recruiters. We may use automated systems to provide content and recommendations to help make our Services more relevant to our Members, Visitors and customers. Keeping your profile accurate and up-to-date may help you better connect to others and to opportunities through our Services.",,,
,,"Productivity
Our Services allow you to collaborate with colleagues, search for potential clients, customers, partners and others to do business with. Our Services allow you to communicate with other Members and schedule and prepare meetings with them. If your settings allow, we scan messages to provide “bots” or similar tools that facilitate tasks such as scheduling meetings, drafting responses, summarizing messages or recommending next steps. Learn more.",,,
,,"We sell premium Services that provide our customers and subscribers with customized-search functionality and tools (including messaging and activity alerts) as part of our talent, marketing and sales solutions. Customers can export limited information from your profile, such as name, headline, current company, current title, and general location (e.g., Dublin), such as to manage sales leads or talent, unless you opt-out. We do not provide contact information to customers as part of these premium Services without your consent. Premium Services customers can store information they have about you in our premium Services, such as a resume or contact information or sales history. The data stored about you by these customers is subject to the policies of those customers. Other enterprise Services and features that use your data include TeamLink and Elevate (social promotion of content).",2.2 Premium Services,,
,,,,,
,,"We will contact you through email, mobile phone, notices posted on our websites or apps, messages to your LinkedIn inbox, and other ways through our Services, including text messages and push notifications. We will send you messages about the availability of our Services, security, or other service-related issues. We also send messages about how to use our Services, network updates, reminders, job suggestions and promotional messages from us and our partners. You may change your communication preferences at any time. Please be aware that you cannot opt out of receiving service messages from us, including security and legal notices.

We also enable communications between you and others through our Services, including for example invitations, InMail, groups and messages between connections.",2.3 Communications,,
,,"We serve you tailored ads both on and off our Services. We offer you choices regarding personalized ads, but you cannot opt-out of seeing other ads.",2.4 Advertising,,
,,"Ad Choices
We adhere to self-regulatory principles for interest-based advertising and participate in industry opt-outs from such ads. This does not opt you out of receiving advertising; you will continue to get other ads by advertisers not listed with these self regulatory tools. You can also opt-out specifically from our uses of certain categories of data to show you more relevant ads. For Visitors, the setting is here.",,,
,,"Info to Ad Providers
We do not share your personal data with any third-party advertisers or ad networks except for: (i) hashed IDs or device identifiers (to the extent they are personal data in some countries); (ii) with your separate permission (e.g., in a lead generation form) or (iii) data already visible to any users of the Services (e.g., profile). However, if you view or click on an ad on or off our Services, the ad provider will get a signal that someone visited the page that displayed the ad, and they may, through the use of mechanisms such as cookies, determine it is you. Advertising partners can associate personal data collected by the advertiser directly from you with hashed IDs or device identifiers received from us. In such instances, we seek to contractually require such advertising partners to obtain your explicit, opt-in consent before doing so.",,,
,,We promote our Services to you and others,2.5 Marketing,,
,,,2.6 Developing Services and Research,,
,,"Service Development
We use data, including public feedback, to conduct research and development for our Services in order to provide you and others with a better, more intuitive and personalized experience, drive membership growth and engagement on our Services, and help connect professionals to each other and to economic opportunity.",,,
,,"Other Research
We seek to create economic opportunity for Members of the global workforce and to help them be more productive and successful. We use the personal data available to us to research social, economic and workplace trends, such as jobs availability and skills needed for these jobs and policies that help bridge the gap in various industries and geographic areas. In some cases, we work with trusted third parties to perform this research, under controls that are designed to protect your privacy. We publish or allow others to publish economic insights, presented as aggregated data rather than personal data.",,,
,,"Surveys
Polls and surveys are conducted by us and others through our Services. You are not obligated to respond to polls or surveys, and you have choices about the information you provide. You may opt-out of survey invitations.",,,
,,"We use data to help you and fix problems.

",2.7 Customer Support,,
,,We use data to generate insights that do not identify you.,2.8 Insights That Do Not Identify You,,
,,"
We use data for security, fraud prevention and investigations.",2.9 Security and Investigations,,
,,,3.1 Our Services,3. How We Share Information,
,,"Profile
Your profile is fully visible to all Members and customers of our Services. Subject to your settings, it can also be visible to others on or off of our Services (e.g., Visitors to our Services or users of third- party search engines). As detailed in our Help Center, your settings, degree of connection with the viewing Member, the subscriptions they may have, their usage of our Services, access channels and search types (e.g., by name or by keyword) impact the availability of your profile and whether they can view certain fields in your profile.",,,
,,"Posts, Likes, Follows, Comments, Messages
Our Services allow viewing and sharing information including through posts, likes, follows and comments.

When you share an article or a post (e.g., an update, image, video or article) publicly it can be viewed by everyone and re-shared anywhere (subject to your settings). Members, Visitors and others will be able to find and see your publicly-shared content, including your name (and photo if you have provided one).
In a group, posts are visible to others in the group. Your membership in groups is public and part of your profile, but you can change visibility in your settings.
Any information you share through companies’ or other organizations’ pages on our Services will be viewable by it and others who visit those pages.
When you follow a person or organization, you are visible to others and that “page owner” as a follower.
We let senders know when you act on their message, subject to your settings where applicable.
Subject to your settings, we let a Member know when you view their profile.
When you like or re-share or comment on another’s content (including ads), others will be able to view these “social actions” and associate it with you (e.g., your name, profile and photo if you provided it).",,,
,,"Enterprise Accounts
Your employer may offer you access to our enterprise Services such as Recruiter, Sales Navigator, LinkedIn Learning or our advertising Campaign Manager. Your employer can review and manage your use of such enterprise Services.

Depending on the enterprise Service, before you use such Service, we will ask for permission to share with your employer relevant data from your profile or use of our non-enterprise Services. For example, users of Sales Navigator will be asked to share their “social selling index”, a score calculated in part based on their personal account activity. We understand that certain activities such as job hunting and personal messages are sensitive, and so we do not share those with your employer unless you choose to share it with them through our Services (for example, by applying for a new position in the same company or mentioning your job hunting in a message to a co-worker through our Services).

Subject to your settings, when you use workplace tools and services (e.g., interactive employee directory tools) certain of your data may also be made available to your employer or be connected with information we receive from your employer to enable these tools and services.",,,
,,Regulated Members may need to store communications outside of our Service.,3.2 Communication Archival,,
,,"You may link your account with others’ services so that they can look up your contacts’ profiles, post your shares on such platforms, or enable you to start conversations with your connections on such platforms. Excerpts from your profile will also appear on the services of others.",3.3 Others’ Services,,
,,We share your data across our different Services and LinkedIn affiliated entities.,3.4 Related Services,,
,,We may use others to help us with our Services.,"3.5 Service Providers
",,
,,"t is possible that we will need to disclose information about you when required by law, subpoena, or other legal process or if we have a good faith belief that disclosure is reasonably necessary to (1) investigate, prevent or take action regarding suspected or actual illegal activities or to assist government enforcement agencies; (2) enforce our agreements with you; (3) investigate and defend ourselves against any third-party claims or allegations; (4) protect the security or integrity of our Services (such as by sharing with companies facing similar threats); or (5) exercise or protect the rights and safety of LinkedIn, our Members, personnel or others. We attempt to notify Members about legal demands for their personal data when appropriate in our judgment, unless prohibited by law or court order or when the request is an emergency. We may dispute such demands when we believe, in our discretion, that the requests are overbroad, vague or lack proper authority, but we do not promise to challenge every demand. To learn more see our Data Request Guidelines and Transparency Report.",3.6 Legal Disclosures,,
,,"We may share your data when our business is sold to others, but it must continue to be used in accordance with this Privacy Policy.",3.7 Change in Control or Sale,,
,,We keep most of your personal data for as long as your account is open.,4.1 Data Retention,4. Your Choices & Obligations,
,,"We provide many choices about the collection, use and sharing of your data, from deleting or correcting data you include in your profile and controlling the visibility of your posts to advertising opt-outs and communication controls. We offer you settings to control and manage the personal data we have about you.

For personal data that we have about you, you can:

Delete Data: You can ask us to erase or delete all or some of your personal data (e.g., if it is no longer necessary to provide Services to you).
Change or Correct Data: You can edit some of your personal data through your account. You can also ask us to change, update or fix your data in certain cases, particularly if it’s inaccurate.
Object to, or Limit or Restrict, Use of Data: You can ask us to stop using all or some of your personal data (e.g., if we have no legal right to keep using it) or to limit our use of it (e.g., if your personal data is inaccurate or unlawfully held).
Right to Access and/or Take Your Data: You can ask us for a copy of your personal data and can ask for a copy of personal data you provided in machine readable form.
Visitors can learn more about how to make these requests here. You may also contact us using the contact information below, and we will consider your request in accordance with applicable laws.

Residents in the Designated Countries and other regions may have additional rights under their laws.",4.2 Rights to Access and Control Your Personal Data,,
,,"If you choose to close your Linkedin account, your personal data will generally stop being visible to others on our Services within 24 hours. We generally delete closed account information within 30 days of account closure, except as noted below.

We retain your personal data even after you have closed your account if reasonably necessary to comply with our legal obligations (including law enforcement requests), meet regulatory requirements, resolve disputes, maintain security, prevent fraud and abuse (e.g., if we have restricted your account for breach of our Professional Community Policies), enforce our User Agreement, or fulfill your request to ""unsubscribe"" from further messages from us. We will retain de-personalized information after your account has been closed.

Information you have shared with others (e.g., through InMail, updates or group posts) will remain visible after you close your account or delete the information from your own profile or mailbox, and we do not control data that other Members have copied out of our Services. Groups content and ratings or review content associated with closed accounts will show an unknown user as the source. Your profile may continue to be displayed in the services of others (e.g., search engine results) until they refresh their cache.",4.3 Account Closure,,
,,"We implement security safeguards designed to protect your data, such as HTTPS. We regularly monitor our systems for possible vulnerabilities and attacks. However, we cannot warrant the security of any information that you send us. There is no guarantee that data may not be accessed, disclosed, altered, or destroyed by breach of any of our physical, technical, or managerial safeguards. Please visit our Safety Center for additional information about safely using our Services, including two-factor authentication.","5.1. Security
",5. Other Important Information,
,,"We process data both inside and outside of the United States and rely on legally-provided mechanisms to lawfully transfer data across borders. Learn more. Countries where we process data may have laws which are different from, and potentially not as protective as, the laws of your own country.","5.2. Cross-Border Data Transfers
",,
,,"We have lawful bases to collect, use and share data about you. You have choices about our use of your data.

At any time, you can withdraw consent you have provided by going to settings.","5.3 Lawful Bases for Processing
",,
,,Our statements regarding direct marketing and “do not track” signals.,"
5.4. Direct Marketing and Do Not Track Signals",,
,,"
You can contact us or use other options to resolve any complaints.",5.5. Contact Information,,
,,,,,
,,"You agree that by clicking “Join Now”, “Join LinkedIn”, “Sign Up” or similar, registering, accessing or using our services (described below), you are agreeing to enter into a legally binding contract with LinkedIn (even if you are using our Services on behalf of a company). If you do not agree to this contract (“Contract” or “User Agreement”), do not click “Join Now” (or similar) and do not access or otherwise use any of our Services. If you wish to terminate this contract, at any time you can do so by closing your account and no longer accessing or using our Services.","1.1 Contract
",1. Introduction,User Agreement
,,"LinkedIn
You are entering into this Contract with LinkedIn (also referred to as “we” and “us”).

We use the term “Designated Countries” to refer to countries in the European Union (EU), European Economic Area (EEA), and Switzerland.

If you reside in the “Designated Countries”, you are entering into this Contract with LinkedIn Ireland Unlimited Company (“LinkedIn Ireland”) and LinkedIn Ireland will be the controller of your personal data provided to, or collected by or for, or processed in connection with our Services.

If you reside outside of the “Designated Countries”, you are entering into this Contract with LinkedIn Corporation (“LinkedIn Corp.”) and LinkedIn Corp. will be the controller of your personal data provided to, or collected by or for, or processed in connection with our Services.

This Contract applies to Members and Visitors.

As a Visitor or Member of our Services, the collection, use and sharing of your personal data is subject to this Privacy Policy (which includes our Cookie Policy and other documents referenced in this Privacy Policy) and updates.",,,
,,"Services
This Contract applies to LinkedIn.com, LinkedIn-branded apps, LinkedIn Learning and other LinkedIn-related sites, apps, communications and other services that state that they are offered under this Contract (“Services”), including the offsite collection of data for those Services, such as our ads and the “Apply with LinkedIn” and “Share with LinkedIn” plugins. Registered users of our Services are “Members” and unregistered users are “Visitors”.",,,
,,"When you register and join the LinkedIn Services, you become a Member. If you have chosen not to register for our Services, you may access certain features as a “Visitor.”",1.2 Members and Visitors,,
,,"We may modify this Contract, our Privacy Policy and our Cookies Policy from time to time. If we make material changes to it, we will provide you notice through our Services, or by other means, to provide you the opportunity to review the changes before they become effective. We agree that changes cannot be retroactive. If you object to any changes, you may close your account. Your continued use of our Services after we publish or send a notice about our changes to these terms means that you are consenting to the updated terms as of their effective date.","1.3 Change
",,
,,"The Services are not for use by anyone under the age of 16.

To use the Services, you agree that: (1) you must be the “Minimum Age” (described below) or older; (2) you will only have one LinkedIn account, which must be in your real name; and (3) you are not already restricted by LinkedIn from using the Services. Creating an account with false information is a violation of our terms, including accounts registered on behalf of others or persons under the age of 16.

“Minimum Age” means 16 years old. However, if law requires that you must be older in order for LinkedIn to lawfully provide the Services to you without parental consent (including using of your personal data) then the Minimum Age is such older age.","2.1 Service Eligibility
","2. Obligations
",
,,"You will keep your password a secret.

You will not share an account with anyone else and will follow our rules and the law.","2.2 Your Account
",,
,,"You’ll honor your payment obligations and you are okay with us storing your payment information. You understand that there may be fees and taxes that are added to our prices.

Refunds are subject to our policy.","2.3 Payment
",,
,,"You agree that we will provide notices and messages to you in the following ways: (1) within the Service, or (2) sent to the contact information you provided us (e.g., email, mobile number, physical address). You agree to keep your contact information up to date.

Please review your settings to control and limit messages you receive from us","2.4 Notices and Messages
",,
,,"Our Services allow messaging and sharing of information in many ways, such as your profile, articles, group posts, links to news articles, job postings, messages and InMails. Information and content that you share or post may be seen by other Members, Visitors or others (including off of the Services). Where we have made settings available, we will honor the choices you make about who can see content or information (e.g., message content to your addressees, sharing content only to LinkedIn connections, restricting your profile visibility from search engines, or opting not to notify others of your LinkedIn profile update). For job searching activities, we default to not notifying your connections network or the public. So, if you apply for a job through our Service or opt to signal that you are interested in a job, our default is to share it only with the job poster.

We are not obligated to publish any information or content on our Service and can remove it with or without notice.","2.5 Sharing
",,
,,"As between you and LinkedIn, you own the content and information that you submit or post to the Services, and you are only granting LinkedIn and our affiliates the following non-exclusive license:

A worldwide, transferable and sublicensable right to use, copy, modify, distribute, publish and process, information and content that you provide through our Services and the services of others, without any further consent, notice and/or compensation to you or others. These rights are limited in the following ways:

You can end this license for specific content by deleting such content from the Services, or generally by closing your account, except (a) to the extent you shared it with others as part of the Service and they copied, re-shared it or stored it and (b) for the reasonable time it takes to remove from backup and other systems.
We will not include your content in advertisements for the products and services of third parties to others without your separate consent (including sponsored content). However, we have the right, without payment to you or others, to serve ads near your content and information, and your social actions may be visible and included with ads, as noted in the Privacy Policy. If you use a Service feature, we may mention that with your name or photo to promote that feature within our Services, subject to your settings.
We will get your consent if we want to give others the right to publish your content beyond the Services. However, if you choose to share your post as ""public"", we will enable a feature that allows other Members to embed that public post onto third-party services, and we enable search engines to make that public content findable though their services. Learn More
While we may edit and make format changes to your content (such as translating or transcribing it, modifying the size, layout or file type or removing metadata), we will not modify the meaning of your expression.
Because you own your content and information and we only have non-exclusive rights to it, you may choose to make it available to others, including under the terms of a Creative Commons license.
You and LinkedIn agree that if content includes personal data, it is subject to our Privacy Policy.

You and LinkedIn agree that we may access, store, process and use any information and personal data that you provide in accordance with, the terms of the Privacy Policy and your choices (including settings).

By submitting suggestions or other feedback regarding our Services to LinkedIn, you agree that LinkedIn can use and share (but does not have to) such feedback for any purpose without compensation to you.

You promise to only provide information and content that you have the right to share, and that your LinkedIn profile will be truthful.

You agree to only provide content or information that does not violate the law nor anyone’s rights (including intellectual property rights). You also agree that your profile information will be truthful. LinkedIn may be required by law to remove certain information or content in certain countries.","3.1. Your License to LinkedIn
","3. Rights and Limits
",
,,"We may change, suspend or discontinue any of our Services. We may also modify our prices effective prospectively upon reasonable notice to the extent allowed under the law.

We don’t promise to store or keep showing any information and content that you’ve posted. LinkedIn is not a storage service. You agree that we have no obligation to store, maintain or provide you a copy of any content or information that you or others provide, except to the extent required by applicable law and as noted in our Privacy Policy","3.2 Service Availability
",,
,,"Your use of others’ content and information posted on our Services, is at your own risk.

Others may offer their own products and services through our Services, and we aren’t responsible for those third-party activities.","3.3 Other Content, Sites and Apps
",,
,,"We have the right to limit how you connect and interact on our Services.

","3.4 Limits
",,
,,"LinkedIn reserves all of its intellectual property rights in the Services. Trademarks and logos used in connection with the Services are the trademarks of their respective owners. LinkedIn, and “in” logos and other LinkedIn trademarks, service marks, graphics and logos used for our Services are trademarks or registered trademarks of LinkedIn.

","3.5 Intellectual Property Rights
",,
,,We use data and information about you to make relevant suggestions to you and others.,"3.6 Automated Processing
",,
,,"LINKEDIN AND ITS AFFILIATES MAKE NO REPRESENTATION OR WARRANTY ABOUT THE SERVICES, INCLUDING ANY REPRESENTATION THAT THE SERVICES WILL BE UNINTERRUPTED OR ERROR-FREE, AND PROVIDE THE SERVICES (INCLUDING CONTENT AND INFORMATION) ON AN “AS IS” AND “AS AVAILABLE” BASIS. TO THE FULLEST EXTENT PERMITTED UNDER APPLICABLE LAW, LINKEDIN AND ITS AFFILIATES DISCLAIM ANY IMPLIED OR STATUTORY WARRANTY, INCLUDING ANY IMPLIED WARRANTY OF TITLE, ACCURACY OF DATA, NON-INFRINGEMENT, MERCHANTABILITY OR FITNESS FOR A PARTICULAR PURPOSE.","4.1 No Warranty
","4. Disclaimer and Limit of Liability
",
,,"TO THE FULLEST EXTENT PERMITTED BY LAW (AND UNLESS LINKEDIN HAS ENTERED INTO A SEPARATE WRITTEN AGREEMENT THAT OVERRIDES THIS CONTRACT), LINKEDIN, INCLUDING ITS AFFILIATES, WILL NOT BE LIABLE IN CONNECTION WITH THIS CONTRACT FOR LOST PROFITS OR LOST BUSINESS OPPORTUNITIES, REPUTATION (E.G., OFFENSIVE OR DEFAMATORY STATEMENTS), LOSS OF DATA (E.G., DOWN TIME OR LOSS, USE OF, OR CHANGES TO, YOUR INFORMATION OR CONTENT) OR ANY INDIRECT, INCIDENTAL, CONSEQUENTIAL, SPECIAL OR PUNITIVE DAMAGES.

LINKEDIN AND ITS AFFILIATES WILL NOT BE LIABLE TO YOU IN CONNECTION WITH THIS CONTRACT FOR ANY AMOUNT THAT EXCEEDS (A) THE TOTAL FEES PAID OR PAYABLE BY YOU TO LINKEDIN FOR THE SERVICES DURING THE TERM OF THIS CONTRACT, IF ANY, OR (B) US $1000.","4.2 Exclusion of Liability
",,
,,"The limitations of liability in this Section 4 are part of the basis of the bargain between you and LinkedIn and shall apply to all claims of liability (e.g., warranty, tort, negligence, contract and law) even if LinkedIn or its affiliates has been told of the possibility of any such damage, and even if these remedies fail their essential purpose.

These limitations of liability do not apply to liability for death or personal injury or for fraud, gross negligence or intentional misconduct, or in cases of negligence where a material obligation has been breached, a material obligation being such which forms a prerequisite to our delivery of services and on which you may reasonably rely, but only to the extent that the damages were directly caused by the breach and were foreseeable upon conclusion of this Contract and to the extent that they are typical in the context of this Contract.","4.3 Basis of the Bargain; Exclusions
",,
,,"Both you and LinkedIn may terminate this Contract at any time with notice to the other. On termination, you lose the right to access or use the Services. The following shall survive termination:

Our rights to use and disclose your feedback;
Members and/or Visitors’ rights to further re-share content and information you shared through the Services;",,"5. Termination
",
,,"This section shall not deprive you of any mandatory consumer protections under the law of the country to which we direct Services to you, where you have your habitual residence. If you live in the Designated Countries: You and LinkedIn Ireland agree that the laws of Ireland, excluding conflict of laws rules, shall exclusively govern any dispute relating to this Contract and/or the Services. You and LinkedIn Ireland agree that claims and disputes can be litigated only in Dublin, Ireland, and we each agree to personal jurisdiction of the courts located in Dublin, Ireland.

For others outside of Designated Countries, including those who live outside of the United States: You and LinkedIn agree that the laws of the State of California, U.S.A., excluding its conflict of laws rules, shall exclusively govern any dispute relating to this Contract and/or the Services. You and LinkedIn both agree that all claims and disputes can be litigated only in the federal or state courts in Santa Clara County, California, USA, and you and LinkedIn each agree to personal jurisdiction in those courts.","6. Governing Law and Dispute Resolution
",,
,,"If a court with authority over this Contract finds any part of it unenforceable, you and we agree that the court should modify the terms to make that part enforceable while still achieving its intent. If the court cannot do that, you and we agree to ask the court to remove that unenforceable part and still enforce the rest of this Contract.

This Contract (including additional terms that may be provided by us when you engage with a feature of the Services) is the only agreement between us regarding the Services and supersedes all prior agreements for the Services.

If we don't act to enforce a breach of this Contract, that does not mean that LinkedIn has waived its right to enforce this Contract. You may not assign or transfer this Contract (or your membership or use of Services) to anyone without our consent. However, you agree that LinkedIn may assign this Contract to its affiliates or a party that buys it without your consent. There are no third-party beneficiaries to this Contract.","
",7. General Terms,
,,"You agree that you will:

a)Comply with all applicable laws, including, without limitation, privacy laws, intellectual property laws, anti-spam laws, export control laws, tax laws, and regulatory requirements;
b)Provide accurate information to us and keep it updated;
c)Use your real name on your profile; and
d)Use the Services in a professional manner.","8.1. Dos
","8. LinkedIn “Dos and Don’ts”
",
,,"You agree that you will not:

a)Create a false identity on LinkedIn, misrepresent your identity, create a Member profile for anyone other than yourself (a real person), or use or attempt to use another’s account;
b)Develop, support or use software, devices, scripts, robots or any other means or processes (including crawlers, browser plugins and add-ons or any other technology) to scrape the Services or otherwise copy profiles and other data from the Services;
c)Override any security feature or bypass or circumvent any access controls or use limits of the Service (such as caps on keyword searches or profile views);
d)Copy, use, disclose or distribute any information obtained from the Services, whether directly or through third parties (such as search engines), without the consent of LinkedIn;
e)Disclose information that you do not have the consent to disclose (such as confidential information of others (including your employer));
f)Violate the intellectual property rights of others, including copyrights, patents, trademarks, trade secrets or other proprietary rights. For example, do not copy or distribute (except through the available sharing functionality) the posts or other content of others without their permission, which they may give by posting under a Creative Commons license;
g)Violate the intellectual property or other rights of LinkedIn, including, without limitation, (i) copying or distributing our learning videos or other materials or (ii) copying or distributing our technology, unless it is released under open source licenses; (iii) using the word “LinkedIn” or our logos in any business name, email, or URL except as provided in the Brand Guidelines;
h)Post anything that contains software viruses, worms, or any other harmful code;
i)Reverse engineer, decompile, disassemble, decipher or otherwise attempt to derive the source code for the Services or any related technology that is not open source;
j)Imply or state that you are affiliated with or endorsed by LinkedIn without our express consent (e.g., representing yourself as an accredited LinkedIn trainer);
k)Rent, lease, loan, trade, sell/re-sell or otherwise monetize the Services or related data or access to the same, without LinkedIn’s consent;
l)Deep-link to our Services for any purpose other than to promote your profile or a Group on our Services, without LinkedIn’s consent;
m)Use bots or other automated methods to access the Services, add or download contacts, send or redirect messages;
n)Monitor the Services’ availability, performance or functionality for any competitive purpose;
o)Engage in “framing,” “mirroring,” or otherwise simulating the appearance or function of the Services;
p)Overlay or otherwise modify the Services or their appearance (such as by inserting elements into the Services or removing, covering, or obscuring an advertisement included on the Services);
q)Interfere with the operation of, or place an unreasonable load on, the Services (e.g., spam, denial of service attack, viruses, gaming algorithms); and/or
r)Violate the Professional Community Policies or any additional terms concerning a specific Service that are provided when you sign up for or start using such Service, and the Bing Maps terms where applicable.","8.2. Don’ts
",,
,,"Contact information for complaint about content provided by our Members.

",,"9. Complaints Regarding Content
",
,,"For general inquiries, you may contact us online. For legal notices or service of process, you may write us at these addresses.

",,"10. How To Contact Us
",
,,"A cookie is a small file placed onto your device that enables LinkedIn features and functionality. Any browser visiting our sites may receive cookies from us or cookies from third parties such as our customers, partners or service providers. We or third parties may also place cookies in your browser when you visit non-LinkedIn sites that display ads or that host our plugins or tags.

 

We use two types of cookies: persistent cookies and session cookies. A persistent cookie lasts beyond the current session and is used for many purposes, such as recognizing you as an existing user, so it’s easier to return to LinkedIn and interact with our Services without signing in again. Since a persistent cookie stays in your browser, it will be read by LinkedIn when you return to one of our sites or visit a third party site that uses our Services. Session cookies last only as long as the session (usually the current visit to a website or a browser session).",Cookies,what technologies are used,"Cookie Policy
"
,,"A pixel is a tiny image that may be embedded within web pages and emails, requiring a call (which provides device and visit information) to our servers in order for the pixel to be rendered in those web pages and emails. We use pixels to learn more about your interactions with email content or web content, such as whether you interacted with ads or posts. Pixels can also enable us and third parties to place cookies on your browser.",pixels,,
,,"Local storage enables a website or application to store information locally on your device(s). Local storage may be used to improve the LinkedIn experience, for example, by enabling features, remembering your preferences and speeding up site functionality. ",Local storage  ,,
,,"We also use other tracking technologies, such as mobile advertising IDs and tags for similar purposes as described in this Cookie Policy.",Other similar technologies ,,
,,"We use cookies to recognize you when you visit our Services.
If you’re signed into LinkedIn, cookies help us show you the right information and personalize your experience in line with your settings",Authentication,"What are these technologies used for?
",
,,"We use cookies to make your interactions with our Services faster, more secure and to help us detect malicious activity and violations of our User Agreement.",Security,,
,,"We use cookies to enable the functionality of our Services, and provide you with features, insights and customized content. We also use these technologies to remember information about your browser and your preferences","Preferences, features and services",,
,,"We use cookies to improve your experience on our Services.

",Functional,,
,,"We use cookies to enable LinkedIn plugins both on and off the LinkedIn sites.
Our plugins may be found on LinkedIn or third-party sites, such as the sites of our customers and partners. If you interact with a plugin, the plugin will use cookies to identify you and initiate your request.","Plugins on and off LinkedIn 
",,
,,"Cookies help us show you relevant advertising, both on and off our Services and measure the performance of such ads and report on it. We use cookies to learn whether content has been shown to you or whether someone who was presented with an ad later came back and took an action (e.g., downloaded a white paper or made a purchase) on another site. Similarly, our partners or service providers may use cookies to determine whether we’ve shown an ad or a post and how it performed or provide us with information about how you interact with ads.
We may also work with our customers and partners to show you an ad on or off LinkedIn, such as after you’ve visited a customer’s or partner’s site or application.","Personalized Advertising 
",,
,,"Cookies help us learn more about how well our Services and plugins perform in different locations. We or our service providers use cookies to understand, improve, and research products, features and services, including as you navigate through our sites or when you access LinkedIn from other sites, applications or devices. We or our service providers, use cookies to determine and measure the performance of ads or posts on and off LinkedIn and to learn whether you have interacted with our or our customers’ websites, content or emails and provide analytics based on those interactions.
We also use cookies to provide aggregated information to our customers and partners as part of our Services.
If you are a LinkedIn member but logged out of your account on a browser, LinkedIn may still continue to log your interaction with our Services on that browser for up to 30 days in order to generate usage analytics for our Services. We may share these analytics in aggregate form with our customers.
","Analytics and research 
",,
,,"Third parties such as our customers, partners and service providers may use cookies in connection with our Services.",,What third parties use these technologies in connection with our Services?,
,,"You have choices on how LinkedIn uses cookies. Please note that if you limit the ability of LinkedIn to use cookies, you may worsen your overall user experience, since it may no longer be as personalized to you. It may also stop you from saving customized settings like login information.","Your Choices
",,
,,"As described here, you have choices regarding the use of your personal data for targeted advertising. Some mobile device operating systems such as Android and iOS provide the ability to control the use of mobile advertising IDs for ads personalization. You can learn how to use these controls by visiting the manufacturer’s website for both Android and iOS.","Targeted Advertising
",,
,,"Most browsers allow you to control cookies through their settings, which may be adapted to reflect your consent to the use of cookies. Further, most browsers also enable you to review and erase cookies, including LinkedIn cookies. To learn more about browser controls, please consult the documentation that your browser manufacturer provides.","Browser Controls
",,
,,"Where required, we enable you to reject the use of certain cookies for purposes such as advertising and analytics and research, by visiting your cookie settings, without affecting the lawfulness of processing based on your consent before its withdrawal. For members, your settings can be found here. For guests, your settings can be found here. You can change your preferences at any time by visiting these settings","Manage Cookie Preferences
",,
,,"DNT is a concept that has been promoted by regulatory agencies such as the U.S. Federal Trade Commission (FTC), for the Internet industry to develop and implement a mechanism for allowing Internet users to control the tracking of their online activities across websites by using browser settings. As such, LinkedIn does not generally respond to “do not track” signals.","What is Do Not Track (DNT)?
",,
,,,,,"Copyright Policy
"
,,"LinkedIn respects the intellectual property rights of others and desires to offer a platform which contains no content that violates those rights. Our User Agreement requires that information posted by Members be accurate, lawful and not in violation of the rights of third parties. To promote these objectives, LinkedIn provides a process for submission of complaints concerning content posted by our Members. Our policy and procedures are described and/or referenced in the sections that follow.

Please note that whether or not we disable access to or remove content, LinkedIn may make a good faith attempt to forward the written notification, including the complainant’s contact information, to the Member who posted the content and/or take other reasonable steps to notify the Member that LinkedIn has received notice of an alleged violation of intellectual property rights or other content violation. It is also our policy, in appropriate circumstances and in our discretion, to disable and/or terminate the accounts of Members, or groups as the case may be, who infringe or repeatedly infringe the rights of others or otherwise post unlawful content.

Please note that any notice or counter-notice you submit must be truthful and must be submitted under penalty of perjury. A false notice or counter-notice may give rise to personal liability. You may therefore want to seek the advice of legal counsel before submitting a notice or a counter-notice.",,Complaints regarding content posted on the LinkedIn website,
,,"Pursuant to the Digital Millennium Copyright Act (17 U.S.C. § 512), LinkedIn has implemented procedures for receiving written notification of claimed infringements. LinkedIn has also designated an agent to receive notices of claimed copyright infringement. If you believe in good faith that your copyright has been infringed, you may complete and submit a Notice of Copyright Infringement form, or otherwise provide a written communication which contains:

An electronic or physical signature of the person authorized to act on behalf of the owner of the copyright interest;
A description of the copyrighted work that you claim has been infringed;
A description specifying the location on our website of the material that you claim is infringing;
Your email address and your mailing address and/or telephone number;
A statement by you that you have a good faith belief that the disputed use is not authorized by the copyright owner, its agent, or the law; and
A statement by you, made under penalty of perjury, that the information in your notice is accurate and that you are the copyright owner or authorized to act on the copyright owner’s behalf.","Notice of Copyright Infringement:
","Claims regarding copyright infringement
",
,,"If you believe that a notice of copyright infringement has been improperly submitted against you, you may submit a Counter-Notice, pursuant to Sections 512(g)(2) and (3) of the Digital Millennium Copyright Act. You may complete the Counter-Notice Regarding Claim of Copyright Infringement form, or otherwise provide a written communication which contains:

Your physical or electronic signature;
Identification of the material removed or to which access has been disabled;
A statement under penalty of perjury that you have a good faith belief that removal or disablement of the material was a mistake or that the material was misidentified;
Your full name, your email address, your mailing address, and a statement that you consent to the jurisdiction of the Federal District court (i) in the judicial district where your address is located if the address is in the United States, or (ii) located in the Northern District of California (Santa Clara County), if your address is located outside the United States, and that you will accept service of process from the Complainant submitting the notice or his/her authorized agent.
","Counter-Notice:
",,
,,"For issues other than copyright infringement please visit our Help Center where you’ll find information on how to flag and report other types of content violations. Learn more:

Reporting Inappropriate Content, Messages, or Safety Concerns
LinkedIn's Trademark Policy
LinkedIn's False Profile Policy
Notice regarding Associated Press content on LinkedIn: Associated Press text, photo, graphic, audio and/or video material shall not be published, broadcast, rewritten for broadcast or publication or redistributed directly or indirectly in any medium. Neither these AP materials nor any portion thereof may be stored in a computer except for personal and non-commercial use. Users may not download or reproduce a substantial portion of the AP material found on this web site. AP will not be held liable for any delays, inaccuracies, errors or omissions therefrom or in the transmission or delivery of all or any part thereof or for any damages arising from any of the foregoing.",,"Claims regarding content other than copyright infringement
",
,,,,1. We Do Not Sell Your Personal Information,California Consumer Privacy Act
,,"Like all of our members, you (or your authorized agent) can request a copy of your personal information. Authorized agents will be required to verify their identity. LinkedIn also will require members to confirm, by email from their primary account email address, that they granted the agent permission to submit the request. Under the CCPA, you can also request that we disclose how we have collected, used, and shared your personal information over the past 12 months, including the categories of personal information we collected and our purposes for doing so; the categories of sources for that information; the categories of third parties with whom we shared it for a business purpose and our purposes for doing so. Companies that sell personal information (we do not) must make additional disclosures.

If you are not a Linkedin member, you can submit your request here or can submit a request via an authorized agent. The authorized agent will be required to verify their identity, and you will be asked to confirm by email that you granted the agent permission to submit the request.","2.1 Requests for Information
","2. Your Rights Under the CCPA
",
,,,"2.2 Your Right to Opt Out of Sales
",,
,,"Under the CCPA, a company like LinkedIn cannot collect new categories of personal information or use them for materially different purposes without first notifying you.","2.3 Your Right to Notification
",,
,,"The CCPA prohibits businesses from discriminating against you for exercising your rights under the law. Such discrimination may include denying services, charging different prices or rates for services, providing a different level or quality of services, or suggesting that you will receive a different level or quality of goods or services as a result of exercising your rights.","2.4 Nondiscrimination for exercising your CCPA Rights
",,
,,"Like all of our members, you can request that we delete your personal information by closing your LinkedIn account. You also can request that we delete specific information. We honor such requests, unless an exception applies, such as when the information is necessary to complete the transaction or contract for which it was collected or when it is being used to detect, prevent, or investigate security incidents, comply with laws, identify and repair bugs or ensure another consumer’s ability to exercise their free speech rights or other rights provided by law.","2.5 Your Right to Delete Personal Information
",,
,,"Identifiers (e.g., real name, alias, postal address, unique personal identifier, online identifier, Internet Protocol address, email address, account name, or other similar identifiers)",CCPA Personal Information Category,"3. The CCPA Categories of Personal Information We Collect and the Sources
",
,,"Characteristics of protected classifications under California or Federal law (e.g., your gender or age) (“Characteristics of Protected Classifications”)",,,
,,"Commercial information (e.g., information regarding products or services purchased, obtained, or considered)",,,
,,"Internet or Other Electronic Network Activity Information (e.g., browsing history, search history, and information regarding your interactions with our Services)",,,
,,Geolocation Data ,,,
,,"Professional or Employment-Related Information 
",,,
,,interfaces,,,
,,"Personal information described in Cal. Civ. Code §1798.80(e)(such as name, address, telephone number, education, employment history, credit card or debit card number)",,,
,,"Audio, electronic, visual or similar information",,,
,,"We may share the types of personal information listed in Section 3 with partners, service providers and related companies, in order to audit interactions and transactions, such as to count or verify the positioning and quality of ad impressions.",4.1 Auditing Interactions,4. The CCPA Categories of Personal Information We Share for a “Business Purpose”,
,,"In order to secure our Services, including to detect, prevent and investigate security incidents or violations of our Professional Community Policies or applicable laws, we may share the types of personal information listed in Section 3 with our partners, service providers, law enforcement and related companies.","4.2 Security Purposes
",,
,,"In order to improve our Services (such as to identify bugs, repair errors or ensure that services function as intended) or conduct internal research and analysis to improve our technology, we may share the types of personal information listed in Section 3 with our partners, service providers and related companies","4.3 Service Improvements
",,
,,"We may share the types of personal information listed in Section 3 with Service Providers, as defined by the CCPA, in order to have them perform services specified by a written contract or with others for a notified purpose permitted by the CCPA (e.g., to respond to law enforcement requests).

","4.4 Service Providers and Other Notified Purposes
",,
