Website,Terms List,Sub Category 2,Sub Category 1,Main Category
BirghtStorm,"Last Updated Date: December 23, 2014                                                                                                                                                                                                                                                                     Brightstorm, Inc. (""Brightstorm"" or ""we"") provides online educational services, including online educational text, videos, quizzes, math problem-solving software, and other material (the ""Services"") through our website, accessible at www.brightstorm.com (the ""Site""). Please read carefully the following terms and conditions (""Terms"") and our Privacy Policy, which may be found http://www.brightstorm.com/privacy-policy and which is incorporated by reference into these Terms. These Terms govern your access to and use of the Site, Services, and Content (defined below), and constitute a binding legal agreement between you and Brightstorm.
YOU ACKNOWLEDGE AND AGREE THAT, BY ACCESSING OR USING THE SITE OR SERVICES, BY ACCESSING ANY CONTENT FROM OR ON THE SITE OR THROUGH THE SERVICES, OR BY REGISTERING FOR AN ACCOUNT AND SUBMITTING YOUR CREDIT CARD INFORMATION (INCLUDING PROVIDING YOUR CREDIT CARD FOR SOMEONE ELSE, FOR EXAMPLE A PARENT OR GUARDIAN SUBMITTING CREDIT CARD INFORMATION ON BEHALF OF A CHILD), YOU ARE INDICATING THAT YOU HAVE READ, AND THAT YOU UNDERSTAND AND AGREE TO BE BOUND BY, THESE TERMS, WHETHER OR NOT YOU HAVE REGISTERED ON OR THROUGH THE SITE. YOU ACKNOWLEDGE THAT BY SUBMITTING YOUR CREDIT CARD INFORMATION YOU ARE SUBSCRIBING TO A SERVICE FOR WHICH YOU WILL BE BILLED A RECURRING CHARGE UNTIL YOUR MEMBERSHIP IS CANCELLED OR TERMINATED IN ACCORDANCE WITH THESE TERMS. IF YOU DO NOT AGREE TO THESE TERMS, THEN YOU HAVE NO RIGHT TO ACCESS OR USE THE SITE, SERVICES OR CONTENT.",,,Terms of Service
,"""Content"" means text, graphics, images, music, software, audio, video, information or other materials that Brightstorm makes available through the Site or Services, including any works of authorship licensed from a third party.                                                                                                                                                                                                                                                                                                                             ""Member"" means a person that completes Brightstorm's account registration process, as described under the ""Account Registration"" section below.",,Definitions,
,"Brightstorm reserves the right, at its sole discretion, to modify, discontinue or terminate the Site, Services or Content or to modify these Terms, at any time and without prior notice. If we modify these Terms, we will post the modification on the Site or provide you with notice of the modification. We will also update the ""Last Updated Date"" at the top of these Terms. By continuing to access or use the Site, Services or Content after we have posted a modification on the Site or have provided you with notice of a modification, you are indicating that you agree to be bound by the modified Terms. If the modified Terms are not acceptable to you, your only recourse is to cease using the Site, Services and Content.",,Modification,
,"The Site, Services and Content are intended solely for persons who are 13 or older. Any access to or use of the Site, Services or Content by anyone under 13 is expressly prohibited. By accessing or using the Site, Services or Content, you represent and warrant that you are 13 or older.",,Eligibility,
,"To access certain features of the Site, Services, and Content, you must register to create an account (""Account"") to become a Member and you must select a membership as described below. You can create an Account via the Site or through your account with certain third-party social networking services such as Facebook (each, an “SNS Account”). If you choose the SNS Account option, we’ll create your Account by extracting from your SNS Account certain personal information such as your name and email address and other personal information that your privacy settings on the SNS Account permit us to access. You acknowledge and agree that by your registering an Account through your SNS Account, we are authorized to extract such personal information.                                                       In creating an Account, you will need to select a password. You are responsible for safeguarding your password. You agree that you will not disclose your password to any third party and that you will take sole responsibility for any activities or actions under your Account, whether or not you have authorized such activities or actions. You will immediately notify Brightstorm of any unauthorized use of your Account by contacting Customer Support.
If you do not create an Account to become a Member, you will not be able to access the Site, Services, and Content that Members can access.",,Account Registration,
,"To select a membership, you will be required to provide information from a valid credit card which you are authorized to use, such as name on the credit card and credit card number, expiration date, and security code. You agree to provide accurate, current and complete information during the registration process and to update such information to keep it accurate, current and complete. You represent and warrant you are authorized to use such credit card for purchases and that the credit card is valid. Brightstorm reserves the right to suspend or terminate your Account if any information provided during the registration process or thereafter proves to be inaccurate, not current or incomplete, or we are otherwise unable to charge your credit card.                                                                                   Brightstorm may sometimes offer a trial membership beginning immediately when you become a Member and extending for a limited period as noted on the Site (“Trial Period”). If offered and if you are eligible for a trial membership, you will be able to explore the Site, Services, and Content during the Trial Period for no charge. Only one Trial Period is permitted per Account or per Member. If you receive a trial membership, then you are not eligible for another trial membership, even if you register for another Account.
Unless you cancel your trial membership prior to the end of the Trial Period by accessing your Account page at http://www.brightstorm.com/account, at the end of the Trial Period your membership will automatically be converted to a paid membership. Brightstorm has no obligation to notify you of the end of the Trial Period or when a Trial Period becomes a paid membership. You hereby acknowledge and agree that it is your sole responsibility to cancel your membership prior to the end of the Trial Period and that not cancelling your membership prior to the end of the Trial Period will result in your payment of the first month or year of your membership, as well as subsequent recurring charges until you cancel your membership.
When after the Last Updated Date your trial membership automatically converts to a paid membership or you purchase a paid membership, your credit card will be charged the amount corresponding to the duration of the paid membership. Regardless of duration, memberships automatically renew unless you cancel your membership by accessing your Account page at http://www.brightstorm.com/account. Monthly memberships that renew will result in a charge to your credit card each month on the calendar day corresponding to the day you initially purchased your membership, or the last day of the month if a month does not have that date. Annual memberships that renew will result in a charge to your credit card on the anniversary of the calendar day you initially purchased your membership or if purchased on February 29 in a leap year the next day. Brightstorm has no obligation to notify you of the end of the duration of the membership that it is automatically renewing. You hereby acknowledge and agree that it is your sole responsibility to cancel your membership prior to its automatic renewal and that not cancelling your membership prior to its automatic renewal will result in your payment of the amount for the next membership period as well as for subsequent renewal periods until you cancel your membership. When you cancel your membership, you may continue to access the features of the Site, Services, and Content accessible prior to cancellation for the remainder of the then current membership period.
If you become a Member after the Last Updated Date indicated above and then subsequently want to change your membership from a monthly to an annual membership or vice versa, you will need to change your membership by accessing your Account page at http://www.brightstorm.com/account. If changing from a monthly to annual membership, the move will be effective immediately when you indicate the change on your Account page and you will receive a pro-rated credit of the previously paid monthly fee for the remaining days of that month, to be applied against the annual membership amount to be charged to your credit card as indicated above. If moving from an annual to a monthly membership, the move will be effective at the end of your then current annual membership period, and the monthly membership amount will be charged to your credit card as indicated above at that time.
If you purchased a membership before the Last Updated Date indicated above, you may keep your current membership for as long as you want and you will continue to be subject to the limits in place with your current membership and to the auto-renew features of your current membership. However, after the Last Updated Date indicated above, you will not be able to change to a different plan available before the Last Updated Date (e.g., changing from 1 subject to all 2 subjects will not be possible). If you want to change plans, you will need to select a current plan that is being offered on the day you want to change.
Brightstorm has the right to change the membership fee amount with prior notice to you. We do not need to provide notice to you for changes in billing amounts that correspond to the completion of a promotional offer.
All fees are non-refundable and non-transferable except as expressly provided in these Terms. We do not offer refunds for partial months or for memberships that are purchased but not used. All fees and applicable taxes, if any, are payable in United States dollars. It is your sole responsibility to keep a record of your login credentials to access your Account and the Site, Services, and Content. No refunds will be given for lost login credentials.
The only way to cancel your Account or membership or to manage your billing information is by accessing your Account page at http://www.brightstorm.com/account. You must be logged in to access your Account information. We cannot process cancellations or billing information changes through Customer Support, emails, or telephone calls. For more information about cancellation, see the section titled ""Termination and Account Cancellation"" below.",,Selecting Membership,
,"Brightstorm may offer a redemption code that will provide a discount on your membership. These redemption codes may only be redeemed at our Site. Redemption codes may only be used once and cannot be combined with other codes. The validity of redemption codes may depend on the status of the user who redeems it. For example, an existing member may not redeem a code providing a discount for a new membership. Redemption codes may have an expiration date, after which the code will not be valid or accepted by Brightstorm. Redemption codes are provided by Brightstorm only, and you agree that you will not share codes with others, including, but not limited to, emailing codes to friends or family, sharing codes on social networking sites, or posting codes to websites that are not our Site unless Brightstorm has provided written approval via email or on our Site to do so. Brightstorm may invalidate a code in its sole discretion. The discount provided via the redemption code is only valid during your paid membership. If you cancel your membership you also cancel the discount from the redemption code. Reactivating your membership will not reactivate the discount from the code, nor will it allow you to redeem a code for a discount for new members.",,Redemption Code,
,See Brightstorm's Privacy Policy at http://www.brightstorm.com/privacy-policy  for information and notices concerning Brightstorm's collection and use of your personal information.,,Privacy,
,"The Site, Services, and Content are protected by copyright, trademark, and other laws of the United States and foreign countries. You acknowledge and agree that the Site, Services, and Content, including all associated intellectual property rights, are the exclusive property of Brightstorm and its licensors. You will not remove, alter or obscure any copyright, trademark, service mark or other proprietary rights notices incorporated in or accompanying the Site, Services, and Content.",,Ownership,
,"Subject to your compliance with the terms and conditions of these Terms, Brightstorm grants you a limited, non-exclusive, non-transferable license: (i) to view any Content to which you are permitted access by the Site; and (ii) to print any documentary Content to which you are permitted access by the Site; in each case, solely for your personal and non-commercial purposes. You have no right to sublicense the license rights granted in this section.                                                                                                                                                                                                                                                                You will not use, copy, adapt, modify, prepare derivative works based upon, distribute, license, sell, transfer, publicly display, publicly perform, transmit, stream, broadcast, embed or otherwise exploit the Site, Services, or Content, except as expressly permitted in these Terms. No licenses or rights are granted to you by implication or otherwise under any intellectual property rights owned or controlled by Brightstorm or its licensors, except for the licenses and rights expressly granted in these Terms.",,Licenses Granted by Brightstorm,
,"You agree not to do any of the following:                                                                                                                                                                                                                                                                           Use, display, mirror, embed, or frame the Site, Services, Content, or any individual element within the Site or Services, Brightstorm's name, any Brightstorm trademark, logo or other proprietary information, or the layout and design of any page or form contained on a page, without Brightstorm's express written consent;
Share, lend, or resell access to your Account or to the Site, Services or Content to anyone else, including without limitation fellow students, teachers, and faculty;
Publically display the Site, Services, or Content, including, for example, a teacher displaying the Site, Services, or Content in a group setting including without limitation a classroom, tutoring center, or school lab without Brightstorm's express written consent;
Access, tamper with, or use non-public areas of the Site or Services, Brightstorm's computer systems, or the technical delivery systems of Brightstorm's providers; Attempt to probe, scan, or test the vulnerability of any Brightstorm system or network or breach any security or authentication measures;
Avoid, bypass, remove, deactivate, impair, descramble or otherwise circumvent any technological measure implemented by Brightstorm or any of Brightstorm's providers or any other third party (including another user) to protect the Site, Services, or Content;
Attempt to access or search the Site, Services, or Content or download Content from the Site or Services through the use of any engine, software, tool, agent, device or mechanism (including spiders, robots, crawlers, data mining tools or the like) other than the software and/or search agents provided by Brightstorm or other generally available third party web browsers;
Send any unsolicited or unauthorized advertising, promotional materials, email, junk mail, spam, chain letters or other form of solicitation;
Use any meta tags or other hidden text or metadata utilizing a Brightstorm trademark, logo URL or product name without Brightstorm's express written consent;
Use the Site, Services, or Content for any commercial purpose or the benefit of any third party or in any manner not permitted by these Terms;
Forge any TCP/IP packet header or any part of the header information in any email or newsgroup posting, or in any way use the Site, Services, or Content to send altered, deceptive or false source-identifying information; Attempt to decipher, decompile, disassemble or reverse engineer any of the software used to provide the Site, Services, or Content;
Interfere with, or attempt to interfere with, the access of any user, host or network, including, without limitation, sending a virus, overloading, flooding, spamming, or mail-bombing the Site or Services; Collect or store any personally identifiable information from the Site or Services from other users of the Site or Services without their express permission;
Impersonate or misrepresent your affiliation with any person or entity; Violate any applicable law or regulation; or Encourage or enable any other individual to do any of the foregoing.
You acknowledge that Brightstorm has no obligation to monitor your access to or use of the Site, Services, or Content or to review or edit any Content, but has the right to do so for the purpose of operating the Site and Services, to ensure compliance with these Terms, (including, but not limited to these prohibitions), or to comply with applicable law or the order or requirement of a court, administrative agency or other governmental body. If Brightstorm suspects that any of these Terms are being violated, Brightstorm reserves the right to suspend access to the Site, Services and Content by any persons suspected of such violations. Further, Brightstorm will have the right to investigate and prosecute violations of any of the above to the fullest extent of the law. Brightstorm may involve and cooperate with law enforcement authorities in prosecuting users who violate these Terms.",,General Prohibitions,
,"The Site or Services may contain links to third-party websites or resources. You acknowledge and agree that Brightstorm is not responsible or liable for: (i) the availability or accuracy of such websites or resources; or (ii) the Content, products, or services on or available from such websites or resources. Links to such websites or resources do not imply any endorsement by Brightstorm of such websites or resources or the content, products, or services available from such websites or resources. You acknowledge sole responsibility for and assume all risk arising from your use of any such websites or resources or the Content, products, or services on or available from such websites or resources.",,Links,
,"If you breach any of these Terms, Brightstorm will have the right to suspend or disable your Account and membership or terminate these Terms, at its sole discretion and without prior notice to you. Brightstorm reserves the right to revoke your access to and use of the Site, Services, and Content at any time, with or without cause and without a refund or proration of the membership fee. If, in Brightstorm's sole determination, your usage of the Site, Services or Content indicates to Brightstorm that you have shared your Account credentials with others allowing individuals other than you to access the Site, Services or Content, Brightstorm reserves the right to suspend your access to the Site, Services, and Content or terminate your Account and membership without a refund or proration of the membership fee. You may cancel your membership at any time by accessing your Account page at http://www.brightstorm.com/account, not by contacting Customer Support. If you elect to cancel your membership, you will be able to access the Site, Services, and Content until the end of the billing period during which you cancelled your membership.",,Termination and Account Cancellation,
,"THE SITE, SERVICES, AND CONTENT ARE PROVIDED ""AS IS"", WITHOUT WARRANTY OF ANY KIND, EITHER EXPRESS OR IMPLIED. WITHOUT LIMITING THE FOREGOING, BRIGHTSTORM EXPLICITLY DISCLAIMS ANY WARRANTIES OF MERCHANTABILITY, FITNESS FOR A PARTICULAR PURPOSE, QUIET ENJOYMENT OR NON-INFRINGEMENT, AND ANY WARRANTIES ARISING OUT OF COURSE OF DEALING OR USAGE OF TRADE. BRIGHTSTORM MAKES NO WARRANTY THAT THE SITE, SERVICES, OR CONTENT WILL MEET YOUR REQUIREMENTS OR BE AVAILABLE ON AN UNINTERRUPTED, SECURE, OR ERROR-FREE BASIS. BRIGHTSTORM MAKES NO WARRANTY REGARDING THE QUALITY OF THE SITE, SERVICES OR CONTENT ACCESSED THROUGH THE SITE OR SERVICES OR THE ACCURACY, TIMELINESS, TRUTHFULNESS, COMPLETENESS OR RELIABILITY OF ANY CONTENT ACCESSED THROUGH THE SITE OR SERVICES.                                                                                                                                                                                        NO ADVICE OR INFORMATION, WHETHER ORAL OR WRITTEN, OBTAINED FROM BRIGHTSTORM OR THROUGH THE SITE, SERVICES, OR CONTENT, WILL CREATE ANY WARRANTY NOT EXPRESSLY MADE HEREIN.",,Disclaimers,
,"You agree to defend, indemnify, and hold Brightstorm, its officers, directors, employees and agents, harmless from and against any claims, liabilities, damages, losses, and expenses, including, without limitation, reasonable legal and accounting fees, arising out of or in any way connected with your access to or use of the Site, Services, or Content, or your violation of these Terms.",,Indemnity,
,"YOU ACKNOWLEDGE AND AGREE THAT, TO THE MAXIMUM EXTENT PERMITTED BY LAW, THE ENTIRE RISK ARISING OUT OF YOUR ACCESS TO AND USE OF THE SITE, SERVICES, AND CONTENT REMAINS WITH YOU. NEITHER BRIGHTSTORM NOR ANY OTHER PERSON OR ENTITY INVOLVED IN CREATING, PRODUCING, OR DELIVERING THE SITE, SERVICES, OR CONTENT WILL BE LIABLE FOR ANY INCIDENTAL, SPECIAL, EXEMPLARY OR CONSEQUENTIAL DAMAGES, INCLUDING LOST PROFITS, LOSS OF DATA OR LOSS OF GOODWILL, SERVICE INTERRUPTION, COMPUTER DAMAGE OR SYSTEM FAILURE OR THE COST OF SUBSTITUTE PRODUCTS OR SERVICES, OR FOR ANY DAMAGES FOR PERSONAL OR BODILY INJURY OR EMOTIONAL DISTRESS ARISING OUT OF OR IN CONNECTION WITH THESE TERMS OR FROM THE USE OF OR INABILITY TO USE THE SITE, SERVICES, OR CONTENT, WHETHER BASED ON WARRANTY, CONTRACT, TORT (INCLUDING NEGLIGENCE), PRODUCT LIABILITY OR ANY OTHER LEGAL THEORY, AND WHETHER OR NOT BRIGHTSTORM HAS BEEN INFORMED OF THE POSSIBILITY OF SUCH DAMAGE, EVEN IF A LIMITED REMEDY SET FORTH HEREIN IS FOUND TO HAVE FAILED OF ITS ESSENTIAL PURPOSE.                                                                                                                                                                                                                                                       IN NO EVENT WILL BRIGHTSTORM'S AGGREGATE LIABILITY ARISING OUT OF OR IN CONNECTION WITH THESE TERMS OR FROM THE USE OF OR INABILITY TO USE THE SITE, SERVICES, OR CONTENT EXCEED THE AMOUNTS YOU HAVE PAID TO BRIGHTSTORM FOR USE OF THE SITE, SERVICES, OR CONTENT, IF YOU ARE REGISTERED FOR PAID ACCOUNT, OR ONE HUNDRED DOLLARS ($100), IF YOU ACCESSED THE SITE, SERVICES, OR CONTENT AS AN UNREGISTERED USER, AS APPLICABLE. THE LIMITATIONS OF DAMAGES SET FORTH ABOVE ARE FUNDAMENTAL ELEMENTS OF THE BASIS OF THE BARGAIN BETWEEN BRIGHTSTORM AND YOU. SOME JURISDICTIONS DO NOT ALLOW THE EXCLUSION OR LIMITATION OF LIABILITY FOR CONSEQUENTIAL OR INCIDENTAL DAMAGES, SO THE ABOVE LIMITATION MAY NOT APPLY TO YOU.",,Limitation of Liability,
,"All trademarks, service marks, logos, trade names and any other proprietary designations of Brightstorm used herein are trademarks or registered trademarks of Brightstorm. Any other trademarks, service marks, logos, trade names and any other proprietary designations are the trademarks or registered trademarks of their respective parties.",,Proprietary Rights Notices,
,These Terms and any action related thereto will be governed by the laws of the State of California without regard to its conflict of laws provisions.,,Controlling Law,
,"These Terms constitute the entire and exclusive understanding and agreement between Brightstorm and you regarding the Site, Services, and Content, and these Terms supersede and replace any and all prior oral or written understandings or agreements between Brightstorm and you regarding the Site, Services, and Content.",,Entire Agreement,
,"You may not assign or transfer these Terms or your Account, by operation of law or otherwise, without Brightstorm's prior written consent. Any attempt by you to assign or transfer these Terms or your Account, without such consent, will be null and of no effect. Brightstorm may assign or transfer these Terms and your Account, at its sole discretion, without restriction. Subject to the foregoing, these Terms will bind and inure to the benefit of the parties, their successors and permitted assigns.",,Assignment,
,"Any notices or other communications permitted or required hereunder, including those regarding modifications to these Terms, will be in writing and given: (i) by Brightstorm via email (in each case to the address that you provide); or (ii) by posting to the Site. For notices made by e-mail, the date of receipt will be deemed the date on which such notice is transmitted.",,Notices,
,"You and Brightstorm agree that any dispute, claim or controversy arising out of or relating to these Terms or the breach, termination, enforcement, interpretation or validity thereof or the use of the Site, Services, or Content (collectively, ""Disputes"") will be settled by binding arbitration, except that each party retains the right: (i) to bring an individual action in small claims court and (ii) to seek injunctive or other equitable relief in a court of competent jurisdiction to prevent the actual or threatened infringement, misappropriation or violation of a party's copyrights, trademarks, trade secrets, patents or other intellectual property rights (the action described in the foregoing clause (ii), an ""IP Protection Action""). The exclusive jurisdiction and venue of any IP Protection Action will be the state and federal courts located in the Northern District of California and each of the parties hereto waives any objection to jurisdiction and venue in such courts. You acknowledge and agree that you and Brightstorm are each waiving the right to a trial by jury or to participate as a plaintiff or class member in any purported class action or representative proceeding. Further, unless both you and Brightstorm otherwise agree in writing, the arbitrator may not consolidate more than one person's claims, and may not otherwise preside over any form of any class or representative proceeding. If this specific paragraph is held unenforceable, then the entirety of this ""Dispute Resolution"" section will be deemed void. Except as provided in the preceding sentence, this ""Dispute Resolution"" section will survive any termination of these Terms.",,Dispute Resolution,
,"The arbitration will be administered by the American Arbitration Association (""AAA"") in accordance with the Commercial Arbitration Rules and the Supplementary Procedures for Consumer Related Disputes (the ""AAA Rules"") then in effect, except as modified by this ""Dispute Resolution"" section. (The AAA Rules are available at www.adr.org/arb_med or by calling the AAA at 1-800-778-7879.) The Federal Arbitration Act will govern the interpretation and enforcement of this Section.",,Arbitration Rules and Governing Law,
,"A party who desires to initiate arbitration must provide the other party with a written Demand for Arbitration as specified in the AAA Rules. (The AAA provides a form Demand for Arbitration at http://www.adr.org/aaa/ShowPDF?doc=ADRSTG_004175 and a separate form for California residents at http://www.adr.org/aaa/ShowPDF?doc=ADRSTG_015822.) The arbitrator will be either a retired judge or an attorney licensed to practice law and will be selected by the parties from the AAA's roster of arbitrators. If the parties are unable to agree upon an arbitrator within seven (7) days of delivery of the Demand for Arbitration, then the AAA will appoint the arbitrator in accordance with the AAA Rules.",,Arbitration Process,
,"Unless you and Brightstorm otherwise agree, the arbitration will be conducted in the county where you reside. If your claim does not exceed $10,000, then the arbitration will be conducted solely on the basis of the documents that you and Brightstorm submit to the arbitrator, unless you request a hearing or the arbitrator determines that a hearing is necessary. If your claim exceeds $10,000, your right to a hearing will be determined by the AAA Rules. Subject to the AAA Rules, the arbitrator will have the discretion to direct a reasonable exchange of information by the parties, consistent with the expedited nature of the arbitration.",,Arbitration Location and Procedure,
,"The arbitrator will render an award within the time frame specified in the AAA Rules. The arbitrator's decision will include the essential findings and conclusions upon which the arbitrator based the award. Judgment on the arbitration award may be entered in any court having jurisdiction thereof. The arbitrator's award of damages must be consistent with the terms of the ""Limitation of Liability"" section above as to the types and amounts of damages for which a party may be held liable. The arbitrator may award declaratory or injunctive relief only in favor of the claimant and only to the extent necessary to provide relief warranted by the claimant's individual claim. If you prevail in arbitration you will be entitled to an award of attorneys' fees and expenses, to the extent provided under applicable law. Brightstorm will not seek, and hereby waives all rights it may have under applicable law to recover, attorneys' fees and expenses if it prevails in arbitration.",,Arbitrator's Decision,
,"Your responsibility to pay any AAA filing, administrative and arbitrator fees will be solely as set forth in the AAA Rules. However, if your claim for damages does not exceed $75,000, Brightstorm will pay all such fees unless the arbitrator finds that either the substance of your claim or the relief sought in your Demand for Arbitration was frivolous or was brought for an improper purpose (as measured by the standards set forth in Federal Rule of Civil Procedure 11(b)).",,Arbitration Fees,
,"Notwithstanding the provisions of the ""Modification"" section above, if Brightstorm changes this ""Dispute Resolution"" section after the date you first accepted these Terms (or accepted any subsequent changes to these Terms), you may reject any such change by sending us written notice (including by email to www.brightstorm.com/) within 30 days of the date such change became effective, as indicated in the ""Last Updated Date"" above or in the date of Brightstorm's email to you notifying you of such change. By rejecting any change, you are agreeing that you will arbitrate any Dispute between you and Brightstorm in accordance with the provisions of this ""Dispute Resolution"" section as of the date you first accepted these Terms (or accepted any subsequent changes to these Terms).",,Changes,
,"All dates and times in these Terms are Pacific Time. The failure of Brightstorm to enforce any right or provision of these Terms will not constitute a waiver of future enforcement of that right or provision. The waiver of any such right or provision will be effective only if in writing and signed by a duly authorized representative of Brightstorm. Except as expressly set forth in these Terms, the exercise by either party of any of its remedies under these Terms will be without prejudice to its other remedies under these Terms or otherwise. If for any reason a court of competent jurisdiction finds any provision of these Terms invalid or unenforceable, that provision will be enforced to the maximum extent permissible and the other provisions of these Terms will remain in full force and effect.",,General,
,"Please contact us at support@brightstorm.com if you have any questions about our Terms Of Service.                                                                                                                                                                   Brightstorm, Inc.
2700 Mission College Blvd., STE 140-104,
Santa Clara, CA 95054",,Contacting Brightstorm,
BrightStorm,"Last Updated: September 1, 2015                                                                                                                                                                                                                                                                                   At Brightstorm, protecting your privacy is really important to us. Accordingly, we're providing this Privacy Policy to explain our practices regarding the collection, use and disclosure of information that we receive when you use our Services (as defined in our Terms of Service, accessible at www.brightstorm.com/terms-of-service. This Privacy Policy applies to the website www.brightstorm.com and services included within ""Services"" and doesn't apply to any third-party websites, services or applications, even if they are accessible through our Services. Also, please note that, unless we define a term in this Privacy Policy, all capitalized words used in this Privacy Policy have the same meanings as in our Terms of Service.",,,Privacy Policy
,"Our primary goals in collecting information are to provide and improve our Services, to administer your use of the Services (including your Account, if you are an Account holder), and to enable you to enjoy and easily navigate our Services.",,How do we collect and use information?,
,"When you create an Account we'll collect certain information that can be used to identify you, such as your name, email address, and credit card information (""Personally Identifiable Information"" or ""PII""). We may also collect certain information that is not PII because it cannot be used by itself to identify you. If you choose to create an Account through one of your SNS Accounts, you may have to provide us with your username (or userID) so that your identity can be authenticated by the SNS Account. When the authentication is complete, we’ll be able to link your Account with the SNS Account and access certain PII, such as your name and email address, and other PII that your privacy settings on the SNS Account permit us to access. We don’t receive or store passwords for any of your SNS Accounts.",,Account Information.,
,"Technologies such as: cookies, beacons, tags and scripts are used by Brighstorm and analytics or ad partners(e.g. AdRoll, Facebook). These technologies are used in analyzing trends, administering the site, tracking users’ movements around the site and to gather demographic information about our user base as a whole. We may receive reports based on the use of these technologies by these companies on an individual as well as aggregated basis.                                                                                                                                                                                                                                                             We use cookies to identify that you've logged in to the Services and to tell us how and when you interact with our Services. We may also use cookies to monitor aggregate usage and web traffic routing on our Services and to customize and improve our Services. Users can control the use of cookies at the individual browser level. If you reject cookies, you may still use our site, but your ability to use some features or areas of our site may be limited.",,Information Collected Using Cookies.,
,"Our servers automatically record certain information about how a person uses our Services (we refer to this information as ""Log Data""), including both Account holders and non-Account holders (either, a ""User""). Log Data may include information such as a User's Internet Protocol (IP) address, browser type, operating system, the web page that a User was visiting before accessing our Services, the pages or features of our Services to which a User browsed and the time spent on those pages or features, search terms, the links on our Services that a User clicked on and other statistics. We use this information to administer the Services and we analyze (and may engage third parties to analyze) this information to improve and enhance the Services by expanding their features and functionality and tailoring them to our Users' needs and preferences. We may use a person's IP address to generate aggregate, non-identifying information about how our Services are used.                                     We may combine this automatically collected log information with other information we collect about you. We do this [to improve services we offer you, to improve marketing, analytics, or site functionality.]
We use Local Storage Objects (LSOs) such as HTML5 to store [content information and preferences.] Third parties with whom we partner to provide certain features on our site or to display advertising based upon your Web browsing activity use LSOs such as HTML 5 and Flash to collect and store information. To learn how to manage privacy and storage settings for Flash cookies click here:
http://www.macromedia.com/support/documentation/en/flashplayer/help/settings_manager.html#117118
We partner with a third party to either display advertising on our Web site or to manage our advertising on other sites. Our third party partner may use technologies such as cookies to gather information about your activities on this site and other sites in order to provide you advertising based upon your browsing activities and interests.",,Information Related to Use of the Services.,
,"In some cases we collect and store information about where you are located, such as by converting your IP address into a rough geolocation, such as the city where you are located when you access the Services. We may use location information to improve and personalize our Services for you.",,Location Information.,
,We will not share any PII that we have collected from you except as described below:,,What Information Do We Share With Third Parties?,
,"We may engage third party service providers to work with us to administer and provide the Services, such as our payment processor facilitating transactions for your membership. These third-party services providers have access to your PII only for the purpose of performing services on our behalf.",,Information Shared with Our Services Providers.,
,"We may share aggregated information and non-identifying information with third parties for industry analysis, demographic profiling and other similar purposes.",,Information Shared with Third Parties.,
,"Information that we collect from our users, including PII, is considered to be a business asset. As a result, if we go out of business or enter bankruptcy or if we are acquired as a result of a transaction such as a merger, acquisition or asset sale, your PII may be disclosed or transferred to the third-party acquirer in connection with the transaction, you will be notified via email and/or a prominent notice on our Web site of any change in ownership or uses of your personal information, as well as any choices you may have regarding your personal information.",,Information Disclosed in Connection with Business Transactions.,
,"It is our policy to protect you from having your privacy violated through abuse of the legal systems, whether by individuals, entities or government, and to contest claims that we believe to be invalid under applicable law. However, it is also our policy to cooperate with government and law enforcement officials and private parties. Accordingly, we reserve the right to disclose any information about you to government or law enforcement officials or private parties as we, in our sole discretion, believe necessary: (i) to satisfy or comply with any applicable law, regulation or legal process or to respond to lawful requests, including subpoenas, warrants or court orders; (ii) to protect our property, rights and safety and the rights, property and safety of third parties or the public in general; and (iv) to prevent or stop activity we consider to be illegal or unethical.",,Information Disclosed for Our Protection and the Protection of Others.,
,"We take reasonable measures to protect the information that we collect from or about you (including your PII) from unauthorized access, use or disclosure. When you enter sensitive information (such as a credit card number) on our registration or order forms via the site, we encrypt that information using secure socket layer technology (SSL). Please be aware, however, that no method of transmitting information over the Internet or storing information is completely secure. Accordingly, we cannot guarantee the absolute security of any information.",,The Security of Your Information,
,"Our Services may contain links to other websites and services. Any information that you provide on or to a third-party website or service is provided directly to the owner of the website or service and is subject to that party's privacy policy. Our Privacy Policy does not apply to such websites or services and we're not responsible for the content, privacy or security practices and policies of those websites or services. To protect your information we recommend that you carefully review the privacy policies of other websites and services that you access.",,Links to Other Sites,
,"Our Web site includes Social Media Features, such as the Facebook Like button and Widgets, such as the Share this button or interactive mini-programs that run on our site. These Features may collect your IP address, which page you are visiting on our site, and may set a cookie to enable the Feature to function properly. Social Media Features and Widgets are either hosted by a third party or hosted directly on our Site. Your interactions with these Features are governed by the privacy policy of the company providing it.",,Social Media Widgets,
,"We display personal testimonials of satisfied customers on our site in addition to other endorsements. With your consent we may post your testimonial along with your name. If you wish to update or delete your testimonial, you can contact us at support@brightstorm.com.",,Testimonials,
,"Our blog is managed by a third party application that may require you to register to post a comment. We do not have access or control of the information posted to the blog. You will need to contact or login into the third party application if you want the personal information that was posted to the comments section removed. To learn how the third party application uses your information, please review their privacy policy.",,Blogs,
,"You can access and modify, or delete the PII associated with your Account by viewing your account page at http://www.brightstorm.com/account and making changes to your Account information. Some information about your Account or membership may remain in archived/backup copies for our records or as otherwise required by law.                                                                                                                  We will retain your information for as long as your account is active or as needed to provide you services. We will retain and use your information as necessary to comply with our legal obligations, resolve disputes, and enforce our agreements.
If you wish to subscribe to our newsletter(s), we will use your name and email address to send the newsletter to you. Out of respect for your privacy, you may choose to stop receiving our newsletter or marketing emails by following the unsubscribe instructions included in these emails, accessing the email preferences in your account settings page or you can contact us at support@brightstorm.com.",,Modifying Your Information,
,"Our Site allows users to create an account and login to the Service using their Facebook account credentials through Facebook Connect. Creating an account for the first time through Facebook Connect will prompt users to merge their Brightstorm and Facebook accounts. By using Facebook Connect, you are allowing Brightstorm to access your Facebook account information and you are agreeing to the Facebook Terms of Use in your use of the Site via Facebook.                                                                                                                                                                                                                     If you are not currently registered as a Brightstorm user and you click on ""Sign in Using Facebook,"" you will first be asked to enter your Facebook credentials and then be given the option to register and join Brightstorm. We allow users to automatically post recent activity back to Facebook, and give them the option to disable Facebook Connect at any time by logging into ""My Profile"" and clicking on ""My Facebook Profile."" Further, you can edit your privacy settings for the reviews that appear on Facebook or disconnect this service by visiting the ""Facebook Application Settings"" page.",,Facebook Connect,
,"Your PII may be transferred to, and maintained on, computers located outside of your state, province, country or other governmental jurisdiction where the privacy laws may not be as protective as those in your jurisdiction. If you're located outside the United States and choose to provide your PII to us, we may transfer your PII to the United States and process it there. Your consent to this Privacy Policy followed by your submission of any PII represents your agreement to that transfer.",,International Transfer,
,Our Services are not directed to children under 13 and we do not knowingly collect PII from children under 13. If we learn that we have collected PII of a child under 13 we will take steps to delete such information from our files as soon as possible.,,Our Policy Toward Children,
,"Any information that we collect is subject to the privacy policy in effect at the time such information is collected. We may, however, modify and revise this Privacy Policy from time to time. If we make any material changes to this Privacy Policy, we'll notify you of such changes by posting them on the Services or by sending you an email or other notification prior to the change becoming effective. We'll indicate when such changes will become effective.",,Changes to Privacy Policy,
,"Please contact us at support@brightstorm.com if you have any questions about our Privacy Policy. Brightstorm, Inc. 2700 Mission College Blvd., STE 140-104, Santa Clara, CA 95054",,Questions?,