Website,Terms List,Sub Category 2,Sub Category 1,Main Category
The Future Channel,"All of the materials on this Web site are protected by copyright laws and international copyright treaty provisions. The FUTURES Channel owns or controls the copyrights of all materials on this site.  No material from this site may be downloaded, transmitted or reproduced electronically, mechanically or otherwise, including data storage and retrieval systems, or otherwise republished, posted, transmitted, or distributed in any form, by any means, without the written permission of The FUTURES Channel.
In some instances certain elements of the Web site may be clearly marked as downloadable or reproducible (such as teacher lessons). In these specific cases this constitutes written permission by The FUTURES Channel for the user to reproduce for educational purposes only provided the user also retains all copyright notices contained on the materials reproduced.
Images displayed on this site are either the property of, or used with permission by, The FUTURES Channel. The use of these images by you, or anyone else authorized by you, is prohibited unless specifically permitted by these Terms of Use or specific permission provided elsewhere on the site.
All trademarks, logos, and service marks (collectively the “trademarks”) of all materials on this site are registered and unregistered trademarks of The FUTURES Channel or others. Nothing contained on the site should be construed as granting, by implication, or otherwise, any license or right to use any trademark displayed on the site without the written permission of The FUTURES Channel or such third party that may own the trademarks displayed on the site. Your misuse of the trademarks displayed on the site, or any other content on the site, except as provided in these Terms of Use, is strictly prohibited.
The FUTURES Channel has not reviewed all of the sites linked to this site and is not responsible for the content of any off-site pages or any other sites linked to this site. Your linking to any other off-site pages or other sites is at your own risk.
For written permission from The FUTURES Channel to use specific elements of this web site please call 818-557-3300.
You can also send us an inquiry.",,,Terms of Use