Website,Terms List,Sub Category 2,Sub Category 1,Main Category
Codeacademy,"This Policy was last updated September 30, 2020.                                                                                                                                                                                                                                                                    Ryzac Inc. d/b/a Codecademy, Inc. (“Codecademy,” “we,” “our,” or “us”) is committed to protecting your privacy. Our Privacy Policy (the “Policy”) explains how we collect, use, disclose, and protect information about you or associated with you (“personal information”), and your choices about the collection and use of your information. This Privacy Policy applies to the online services offered by Codecademy such as our website at www.codecademy.com, our mobile app Codecademy Go, and any other online service location (collectively the “Service”) that makes this Privacy Policy available to you.

By using the Service, you agree to our Terms of Use and consent to our collection, use and disclosure practices, and other activities as described in this Privacy Policy. If you do not agree and consent, discontinue use of the Service.

Depending on where you are located or reside, you may be entitled to additional rights.

If you are a data subject in the European Union, please see the “Additional Disclosures for People in Europe” section below;
If you are a California resident please see the “Additional Disclosures for California Residents” section below; and
If you are a Nevada resident please see the “Additional Disclosures for Nevada Residents” section below.
If you have any questions or wish to exercise your rights and choices, please contact us as set out in the “Contact Us” section.",,,Codecademy Privacy Policy
,"This section will discuss what type of information is collected. This includes categories of information that (1) you provide to us directly, (2) is collected by us automatically, and (3) we receive from third-party sources.",,Information Collection,
,"You can browse our site without providing personal information, but you must register in order to access most of the features of Service. Certain personal information—such as a user name, email address—are required to create an account. However, after you set up an account, you may choose what additional information may be shared through public profiles, including your name, location, website, links to your social media profiles, and other information that may be considered personal information. Similarly, should you choose to engage in messaging through the Service, the contents of such messages may be processed and saved by us. You may choose to voluntarily provide other information to us that we do not request, and, in such instances, you are solely responsible for such information.                                                                                                                                                                                                                                                                                                            The following are categories of information we collect and have collected directly from you in the last 12 months:
Contact Data, including your first and last name, email address, postal address, and phone number.
Account Credentials, including your username, password, password hints, and information for authentication and account access.
Demographic Data, including your age, gender, and country.
Billing Data, including your payment instrument number (such as a credit or debit card number), expiration date, and security code as necessary to process your payments.
Profile Data, including your interests, inferences, preferences and favorites.
Content, including content within any messages you send to us (such as feedback and questions to customer support) or publicly post on the Service (such as in your public profile, in reviews, and comments) as well as any academic content that you generate and submit for grading. We also collect content within any messages you exchange with other users through the Service (such as if you use our chat functionalities).
Personal Contacts Data, including the first and last name, email address, and phone number of your personal contacts. We collect data about your contacts with your consent and in order to fulfill a request by you, such as finding your contacts on the Service or inviting your contacts to join the Service. Such functionality is only intended for U.S. residents. By using this functionality, you acknowledge and agree that both you and your contacts are based in the U.S. and that you have your contacts’ consent for us to use their contact information to fulfill your request.
Job Applicant Data, including your employment and education history, transcript, writing samples, and references as necessary to consider your job application for open positions.
You may choose to voluntarily provide other information to us, and, in such instances, you are solely responsible for such information.",1. Information You Provide Directly to Us,,
,"In addition, we automatically collect information when you use the Service. The categories of information we automatically collect and have collected in the last 12 months includes: Service Use Data, including data about features you use, pages you visit, emails and advertisements you view, products and services you view and purchase, the time of day you browse, and your referring and exiting pages.
Device Data, including data about the type of device or browser you use, your device’s operating software, your internet service provider, your device’s regional and language settings, and device identifiers such as IP address and Ad Id.
Location Data, including imprecise location data (such as location derived from an IP address or data that indicates a city or postal code level) and, with your consent, precise location data (such as latitude/longitude data).
We use various current – and later – developed tracking technologies to automatically collect information when you use the Service, including the following:
Log Files, which are files that record events that occur in connection with your use of the Service.
Cookies, which are small data files stored on your device that act as a unique tag to identify your browser. We use two types of cookies: session cookies and persistent cookies. Session cookies make it easier for you to navigate our website and expire when you close your browser. Persistent cookies help with personalizing your experience, remembering your preferences, and supporting security features. Additionally, persistent cookies allow us to bring you advertising both on and off the Service. Persistent cookies may remain on your device for extended periods of time, and generally may be controlled through your browser settings.
Pixels (also known as web beacons), which is code embedded in a website, video, email, or advertisement that sends information about your use to a server. There are various types of pixels, including image pixels (which are small graphic images) and JavaScript pixels (which contains JavaScript code). When you access a website, video, email, or advertisement that contains a pixel, the pixel may permit us or a separate entity to drop or read cookies on your browser. Pixels are used in combination with cookies to track activity by a particular browser on a particular device. We may incorporate pixels from separate entities that allow us to track our conversions, bring you advertising both on and off the Service, and provide you with additional functionality, such as the ability to connect our Service with your social media account.
Device Fingerprinting, which is the process of analyzing and combining sets of data elements from your device’s browser, such as JavaScript objects and installed fonts, to create a “fingerprint” of your device and uniquely identify your browser and device.
App Technologies, which are technologies included in our apps that are not browser-based like cookies and cannot be controlled by browser settings. For example, our apps may include SDKs, which is code that sends information about your use to a server. These SDKs allow us track our conversions, bring you advertising both on and off the Service, and provide you with additional functionality, such as the ability to connect our Service with your social media account.
Location-Identifying Technologies, which are technologies used to collect your location. For example, GPS, WiFi, and Bluetooth may be used to collect precise location data when you consent to precise location tracking through our apps. Location data may be used for purposes such as verifying your device’s location and delivering or restricting relevant content and advertising based on that location.

For further information on how we use tracking technologies for analytics and advertising, and your rights and choices regarding them, see the “Analytics and Advertising” and “Your Rights and Choices” sections below.",2. Information Collected Automatically,,
,"We also collect information from other sources. The categories of sources we collect information from including in the last 12 months, include:                                                                                                     Data brokers or resellers from which we purchase data to supplement the data we collect.
Social networks when you engage with our content, reference our Service, or grant us permission to access information from the social networks.
Partners that offer co-branded services, sell or distribute our products, or engage in joint marketing activities.
Publicly-available sources, including data in the public domain.",3. Information From Other Sources,,
,"This section discusses how collected information is used by Codecademy.                                                                                                                                                                                                                 We collect this information for a number of business purposes including to operate, maintain, and provide to you the features and functionality of the Service, as well as to communicate directly with you, such as to send you email messages.
The categories with respect to our business purposes for using information, including in the last 12 months, include:
Operate and manage our Service, including your registration and account.
Perform services requested by you, such as respond to your comments, questions, and requests, and provide customer service.
Sending you technical notices, updates, security alerts, information regarding changes to our policies, and support and administrative messages.
Preventing and addressing fraud, breach of policies or terms, and threats or harm.
Monitoring and analyzing trends, usage, and activities.
Conducting research, including focus groups and surveys.
Improving the Service or other Codecademy websites, apps, marketing efforts, products and services.
Developing and sending you direct marketing, including advertisements and communications about our and other entities’ products, offers, promotions, rewards, events, and services.
Conducting promotions, including verifying your eligibility and delivering prizes in connection with your entries.
Sending you advertising.
Fulfilling any other business or commercial purposes at your direction or with your notice and/or consent.
Notwithstanding the above, we may use information that does not identify you (including information that has been aggregated or de-identified) for any purpose except as prohibited by applicable law. For information on your rights and choices regarding how we use information about you, please see the “Your Rights and Choices” section below.",,Use of Information,
," This section explains our sharing practices with respect to information collected.                                                                                                                                                                                                          We share information we collect in accordance with the practices described in this Privacy Policy. The categories of entities to whom we disclose and have shared information with in the last 12 months, include the following:
Service Providers. We share information with entities that process information on our behalf for our business purposes. Service providers assist us with services such as payment processing, chat functionality, data analytics, marketing and advertising, website hosting, and technical support. We may permit our service providers to use information that does not identify you (including information that has been aggregated or de-identified) for any purpose except as prohibited by applicable law.
Vendors and Other Parties. We share information with vendors for business and commercial purposes, including analytics and advertising technology companies. Vendors may act as our service providers, or in certain contexts, independently decide how to process your information. For more information on advertising and analytics, see the “Analytics and Advertising” section below.
Affiliates. We share information with our related entities including our parent and sister companies for business purposes such as customer support, marketing, and technical operations. We also may share information with affiliates for commercial purposes.
Corporate and School Customers. We share information with our corporate customers and schools that purchase our Service in connection with us processing information on their behalf. For example, we share information with our corporate and school customers in order to facilitate your orders, maintain and administer your online accounts, provide feedback, academic content, and student performance data to account managers and instructors, respond to your questions and comments, provide support, comply with your requests, market and advertise to you, and otherwise comply with applicable law.
Partners. We share information with our partners (such as bootcamps, interview prep organizations, and employment marketplaces) in connection with offering co-branded services, selling or distributing our products, or engaging in joint marketing activities.
Promotions. When you voluntarily enter a sweepstakes, contest, or other promotion, we share information as set out in the official rules that govern the promotion as well as for administrative purposes and as required by law (e.g., on a winners list). By entering a promotion, you agree to the official rules that govern that promotion, and may, except where prohibited by applicable law, allow the sponsor and/or other entities to use your name, voice and/or likeness in advertising or marketing materials.
Public Information. We share information you make public through the Service, such as information in your profile or that you post on public boards or other public sections of the Service. Please think carefully before making information public as you are solely responsible for any information you make public. Once you have posted information, you may not be able to edit or delete such information, subject to additional rights set out in the “Your Rights and Choices” section below.
Merger or Acquisition. We share information in connection with, or during negotiations of, any proposed or actual merger, purchase, sale or any other type of acquisition or business combination of all or any portion of our assets, or transfer of all or a portion of our business to another business.
Security and Compelled Disclosure. We share information to comply with the law or other legal process, and where required, in response to lawful requests by public authorities, including to meet national security or law enforcement requirements. We also share information to protect the rights, property, life, health, security and safety of us, the Service or anyone else.
Facilitating Requests. We share information at your request or direction, such as when you choose to share information with a social network about your activities on the Service.
Consent. We share information with notice to you and your consent.
Notwithstanding the above, we may share information that does not identify you (including information that has been aggregated or de-identified) except as prohibited by applicable law. For information on your rights and choices regarding how we share information about you, please see the “Your Rights and Choices” section below.",,Sharing of Information,
,"We offer parts of our Service through websites, platforms, and services operated or controlled by separate entities. In addition, we integrate technologies operated or controlled by separate entities into parts of our Service. Some examples include:                                                                                                                                                                                                                                                                  Links. Our Service includes links that hyperlink to websites, platforms, and other services not operated or controlled by us. We may get a commission if you purchase a product after clicking on a link to an affiliate’s website.
Liking, Sharing, and Logging-In. We may embed a pixel or SDK on our Service that allows you to “like” or “share” content on, or log-in to your account through social media. If you choose to engage with such integration, we may receive information from the social network that you have authorized to share with us. Please note that the social network may independently collect information about you through the integration.
Brand Pages and Chatbots. We may offer our content through social media. Any information you provide to us when you engage with our content (such as through our brand page or via our chatbot on Facebook Messenger) is treated in accordance with this Privacy Policy. Also, if you publicly reference our Service on social media (e.g., by using a hashtag associated with Codecademy in a tweet or post), we may use your reference on or in connection with our Service.
Please note that when you interact with other entities, including when you leave our Service, those entities may independently collect information about you and solicit information from you. The information collected and stored by those entities remains subject to their own policies and practices, including what information they share with us, your rights and choices on their services and devices, and whether they store information in the U.S. or elsewhere. We encourage you to familiarize yourself with and consult their privacy policies and terms of use.",,Social Media and Technology Integrations,
,"We use analytics services, such as Google Analytics, to help us understand how users access and use the Service. In addition, we work with agencies, advertisers, ad networks, and other technology services to place ads about our products and services on other websites and services. For example, we place ads through Google and Facebook that you may view on their platforms as well as on other websites and services.                                                                                                                                                                                                                                                                                                                 As part of this process, we may incorporate tracking technologies into our own Service (including our website and emails) as well as into our ads displayed on other websites and services. Some of these tracking technologies may track your activities across time and services for purposes of associating the different devices you use, and delivering relevant ads and/or other content to you (“Interest-based Advertising”).
We also use audience matching services to reach people (or people similar to people) who have visited our Service or are identified in one or more of our databases (“Matched Ads”). This is done by us uploading a customer list to a technology service or incorporating a pixel from a technology service into our own Service, and the technology service matching common factors between our data and their data. For instance, we incorporate the Facebook pixel on our Service and may share your email address with Facebook as part of our use of Facebook Custom Audiences. Some technology services may provide us with their own data, which is then uploaded into another technology service for matching common factors between those datasets.
As indicated above, vendors may act as our service providers, or in certain contexts, independently decide how to process your information. We encourage you to familiarize yourself with and consult their privacy policies and terms of use.
For further information on the types of tracking technologies we use on the Service and your rights and choices regarding analytics, Interest-based Advertising, and Matched Ads, please see the “Information Collected Automatically” and “Your Rights and Choices” sections.",,Analytics and Advertising,
,"You have rights and choices with respect to information that relates to you, however such rights will vary depending on the category of information, and the subsequent use of such information. This section further describes your rights.",,Your Rights and Choices,
,"You may access, update, or remove certain information that you have provided to us through your account by visiting your account settings. Please note that we will retain and use your information as necessary to comply with our legal obligations, resolve disputes, and enforce our agreements. European data subjects and California residents have additional rights as set forth in the sections entitled “Additional Disclosures for Data Subjects in Europe” and “Additional Disclosures for California Residents” below.",1. Account Information.,,
,"Cookies and Pixels. Most browsers accept cookies by default. You can instruct your browser by changing its settings, to decline or delete cookies. If you use multiple browsers on your device, you will need to instruct each browser separately. Your ability to limit cookies is subject to your browser settings and limitations.                                                                                                                                                    Do Not Track. Your browser settings may allow you to automatically transmit a “Do Not Track” signal to online services you visit. Note, however, there is no industry consensus as to what site and app operators should do with regard to these signals. Accordingly, unless and until the law is interpreted to require us to do so, we do not monitor or take action with respect to “Do Not Track” signals. For more information on “Do Not Track,” visit http://www.allaboutdnt.com.
App and Location Technologies. You can stop all collection of information via an app by uninstalling the app. You can also reset your device Ad ID at any time through your device settings, which is designed to allow you to limit the use of information collected about you. You can stop all collection of precise location data through an app by uninstalling the app or withdrawing your consent through your device settings.
Please be aware that if you disable or remove tracking technologies some parts of the Service may not function correctly.",2. Tracking Technology Choices.,,
,"Google provides tools to allow you to opt out of the use of certain information collected by Google Analytics at https://tools.google.com/dlpage/gaoptout and by Google Analytics for Display Advertising or the Google Display Network at https://www.google.com/settings/ads/onweb/ .                                                                                                                                                           The companies we work with to provide you with targeted ads are required by us to give you the choice to opt out of receiving targeted ads. Most of these companies are participants of the Digital Advertising Alliance (“DAA”) and/or the Network Advertising Initiative (“NAI”). To learn more about the targeted ads provided by these companies, and how to opt out of receiving certain targeted ads from them, please visit: (i) for website targeted ads from DAA participants, https://www.aboutads.info/choices; (ii) for app targeted ads from DAA participants, https://www.aboutads.info/appchoices; and (iii) for targeted ads from NAI participants, https://www.networkadvertising.org/choices/. Opting out only means that the selected participants should no longer deliver certain targeted ads to you, but does not mean you will no longer receive any targeted content and/or ads (e.g., in connection with the participants’ other customers or from other technology services).
To opt out of us using your data for Matched Ads, please contact us as set forth in the “Contact Us” section below and specify that you wish to opt out of matched ads. We will request that the applicable technology service not serve you matched ads based on information we provide to it. Alternatively, you may directly contact the applicable technology service to opt out.
You may also limit our use of information collected from or about your mobile device for purposes of serving targeted ads to you by going to your device settings and selecting “Limit Ad Tracking” (for iOS devices) or “Opt out of Interest-Based Ads” (for Android devices).
Please note that if you opt out using any of these methods, the opt out will only apply to the specific browser or device from which you opt out. We are not responsible for the effectiveness of, or compliance with, any opt out options or programs, or the accuracy of any other entities’ statements regarding their opt out options or programs.",3. Analytics and Interest-Based Advertising.,,
,"E-mails. You can opt-out of receiving promotional emails from us at any time by following the instructions as provided in emails to click on the unsubscribe link, or by contacting us as set out in the “Contact Us” section below. Please note that you cannot opt-out of non-promotional emails, such as those about your account, transactions, servicing, or our ongoing business relations.                                                Push Notifications. If you have opted-in to receive push notifications on your device, you can opt-out at any time by adjusting the permissions in your device or uninstalling our app.
Please note that your opt out is limited to the email address and device used and will not affect subsequent subscriptions.",4. Communications.,,
,"Our Service is generally not directed at children under the age of 16 and we do not knowingly collect or solicit personal information (as defined by the U.S. Children’s Privacy Protection Act, or “COPPA”) from anyone under the age of 13 in a manner not permitted by COPPA. If you are a parent or guardian and you believe we have collected information from your child in a manner not permitted by law, please contact us through our Help Center. We will remove the data to the extent required by applicable law.                                                                                                                                                             We do not “sell,” as that term is defined under the California Consumer Privacy Act, the personal information of minors under the age of 16 who are California residents. If you are a California resident under 18 years old and registered to use the Service, you can ask us to remove any content or information you have posted on the Service. To make a request, email us at the email address set out in “Contact Us” section with “California Under 18 Content Removal Request” in the subject line, and tell us what you want removed. We will make reasonable good faith efforts to remove the post from prospective public view, although we cannot ensure the complete or comprehensive removal of the content and may retain the content as necessary to comply with our legal obligations, resolve disputes, and enforce our agreements.",,Children’s Privacy,
,"In some circumstances, we may permit a schools to register Students to our service for the purpose of providing educational services. Because Codecademy provides the Service to schools to benefit and enhance a School’s curriculum, Codecademy relies on the school to obtain and provide appropriate consent, if needed, to collect personal information of students. We do not “sell,” as that term is defined under the California Consumer Privacy Act, any personal information of users collected through school accounts.",,School Privacy,
,"Codecademy uses commercially reasonable administrative, technical, and physical security safeguards designed to preserve the integrity and security of all information collected through the Service. However, no security system is impenetrable and we cannot guarantee the security of our systems 100%. In the event that any information under our control is compromised as a result of a breach of security, we will take reasonable and appropriate steps to investigate the situation, notify those individuals whose information may have been compromised in accordance with any applicable laws and regulations, and take other steps as appropriate. Your privacy settings may also be affected by changes to the functionality of third party sites and services that you add to the Codecademy Service, such as social networks. Codecademy is not responsible for the functionality or security measures of any third party.",,Data Security,
,"We are based in the U.S. and the information we collect is governed by U.S. law. If you are accessing the Service from outside of the U.S., please be aware that information collected through the Service may be transferred to, processed, stored, and used in the U.S. and other jurisdictions. Data protection laws in the U.S. and other jurisdictions may be different from those of your country of residence. Your use of the Service or provision of any information therefore constitutes your consent to the transfer to and from, processing, usage, sharing, and storage of information about you in the U.S. and other jurisdictions as set out in this Privacy Policy.",,International Transfer,
,"Codecademy reserves the right to modify or update this Privacy Policy from time to time to reflect the changes in our business and practices, and so you should review this page periodically. When we change the policy we will reflect the ‘last modified’ date at the top of this Privacy Policy.",,Changes to this Privacy Policy,
,"The Services may, from time to time, contain links to and from websites, platforms, and other services not operated or controlled by us. If you follow a link to any of these locations, please note that these locations have their own privacy policies and that we do not accept any responsibility or liability for their policies. Please check the individual policies before you submit any information to those locations.",,Links to Other Websites and Services,
,"If you have any questions about this Privacy Policy, our data practices, our compliance with applicable law, or the Service, please contact us by submitting a ticket through our Help Center, or by contacting us at:                                                                                                                                                                                                                                                                                                                    Codecademy, Inc. 575 Broadway 5th Floor New York City, NY 10012
This Privacy Policy has been designed to be accessible to people with disabilities. If you experience any difficulties accessing the information here, please contact us through the Help Center.",,Contact Us,
,"These additional disclosures for California residents apply only to individuals who reside in California. The California Consumer Privacy Act of 2018 (“CCPA”) provides additional rights to know, delete and opt out, and requires businesses collecting or disclosing personal information to provide notices and means to exercise rights.",,Additional Disclosures for California Residents.,
,"In the past 12 months, we have collected the following categories of personal information enumerated in the CCPA:                                                                                                                                        Identifiers, including name, email address, phone number account name, IP address, and an ID or number assigned to your account.
Customer records, billing and shipping address, and credit or debit card information.
Demographics, such as your age or gender. This category includes data that may qualify as protected classifications under other California or federal laws.
Commercial information, including purchases, you subscription and engagement with the Services.
Internet activity, including your interactions with our Service, your academic content, and performance data.
Audio or visual data, including pictures or vides you post on our Service.
Geolocation data, including location enabled services such as WiFi and GPS.
Employment and education data, including information you provide when you apply for a job with us.
Inferences, including information about your interests, preferences and favorites.
For more details on information we collect, including the sources we receive information from, review the Information Collection section. We collect and use these categories of personal information for the business purposes described in the Use of Information section, including to provide and manage our Services.
Codecademy does not generally sell information as the term “sell” is traditionally understood. However, to the extent “sale” under the CCPA is interpreted to include advertising technology activities such as those disclosed in the Analytics and Advertising section as a “sale,” we will comply with applicable law as to such activity. We discloses the following categories of personal information for commercial purposes: identifiers, demographic information, commercial information, internet activity, geolocation data and inferences. We use and partner with different types of entities to assist with our daily operations and manage our Service. Please review the Sharing of Information section for more detail about the parties we have shared information with.",1. Notice of Collection.,,
,"If you are a California resident, you have the right to delete the personal information we have collected from you and the right to know certain information about our data practices in the preceding 12 months. In particular, you have the right to request the following from us:                                                                                                                                                                                                                 The categories of personal information we have collected about you;
The categories of sources from which the personal information was collected;
The categories of personal information about you we disclosed for a business purpose or sold;
The categories of third parties to whom the personal information was disclosed for a business purpose or sold;
The business or commercial purpose for collecting or selling the personal information; and
The specific pieces of personal information we have collected about you.
To exercise any of these rights, please submit a request through our online privacy hub available here, or contact us through our Help Center. In the request, please specify which right you are seeking to exercise and the scope of the request. We will confirm receipt of your request within 10 days. We may require specific information from you to help us verify your identity and process your request. If we are unable to verify your identity, we may deny your request to know or delete.
If personal information about you has been processed by us as a service provider on behalf of a corporate customer or school customer and you wish to exercise any rights you have with such personal information, please inquire with our corporate or school customer directly. If you wish to make your request directly to us, please provide the name of the corporate customer or school customer on whose behalf we processed your personal information. We will refer your request to that corporate customer or school customer, and will support them to the extent required by applicable law in responding to your request.",2. Right to Know and Delete,,
,"To the extent Codecademy sells your personal information as the term “sell” is defined under the California Consumer Privacy Act, you have the right to opt-out of the sale of your personal information by us to third parties at any time. You may submit a request to opt-out by clicking Do Not Sell My Personal Information. You may also submit a request to opt-out by contacting us through our Help Center.",3. Right to Opt-Out,,
,"You can designate an authorized agent to submit requests on your behalf. However, we will require written proof of the agent’s permission to do so and verify your identity directly.",4. Authorized Agent,,
,You have the right not to receive discriminatory treatment by us for the exercise of any of your rights.,5. Right to Non-Discrimination,,
,"Customers who are residents of California may request (i) a list of the categories of personal information disclosed by us to third parties during the immediately preceding calendar year for those third parties’ own direct marketing purposes; and (ii) a list of the categories of third parties to whom we disclosed such information. To exercise a request, please write us at the email or postal address set out in “Contact Us” above and specify that you are making a “California Shine the Light Request.” We may require additional information from you to allow us to verify your identity and are only required to respond to requests once during any calendar year.",6. Shine the Light.,,
,"Nevada consumers may submit requests directing businesses not to sell certain kinds of personal information that the business has collected or will collect about the consumer. A sale under Nevada law is the exchange of personal information for monetary consideration by the business to a third party for the third party to license or sell the personal information to other third parties. If you are a Nevada consumer and wish to obtain information about our compliance with Nevada law, please contact us through our Help Center.",,Additional Disclosures for Nevada Residents.,
,"Data protection laws in Europe distinguish between organizations that process personal data for their own purposes (known as “controllers”) and organizations that process personal data on behalf of other organizations (known as “processors”). Codecademy acts as a controller with respect to personal data collected as you interact with our websites, emails, and advertisements.",1. Role,Additional Disclosures for Data Subjects in Europe.,
,"In the European Union (“EU”), the purposes for which we process your personal data are: 
Where you have given consent to the processing for one or more specific purposes, either to us or to our service providers or partners;
Where we need to perform the contract we are about to enter into or have entered into with you for the Service;
Where it is necessary for our legitimate interests (or those of a third party) and your interests and fundamental rights do not override those interests; and
Where we need to comply with a legal or regulatory obligation in the EU.
We have set out in Annex 1 below, found here, a description of all the ways we plan to use your personal data, and which of the legal bases we rely on to do so. Please contact by submitting a ticket through our Help Center if you need details about the specific legal basis we are relying on to process your personal data where more than one legal basis has been set out.",2. Legal Basis for Processing,,
,"If your data is collected in Europe, we will transfer your personal data subject to appropriate safeguards, such as Standard Contractual Clauses.",3. Data Transfer,,
,"If you are located in the EU or Switzerland, you have the following rights in respect of your personal data that we hold:                                                                                                                                            Right of access. The right to obtain access to your personal data.
Right to rectification. The right to obtain rectification of your personal data without undue delay where that personal data is inaccurate or incomplete.
Right to erasure. The right to obtain the erasure of your personal data without undue delay in certain circumstances, such as where the personal data is no longer necessary in relation to the purposes for which it was collected or processed.
Right to restriction. The right to obtain the restriction of the processing undertaken by us on your personal data in certain circumstances, such as where the accuracy of the personal data is contested by you, for a period enabling us to verify the accuracy of that personal data.
Right to portability. The right to portability allows you to move, copy or transfer personal data easily from one organization to another.
Right to object. You have a right to object to processing based on legitimate interests and direct marketing.
If you wish to exercise one of these rights, please contact us using the contact details at the end of this Privacy Policy. We will respond to your request within 30 days. We may request specific information from you to help us confirm your identity and process your request. Applicable law may require or permit us to decline your request. If we decline your request, we will tell you why, subject to legal restrictions.
Please note that we retain information as necessary to fulfil the purposes for which it was collected, and may continue to retain and use information even after a data subject request for purposes of our legitimate interests, including as necessary to comply with our legal obligations, resolve disputes, prevent fraud, and enforce our agreements.
If your personal data has been processed by us on behalf of a business customer and you wish to exercise any rights you have with such personal data, please inquire with our customer directly. If you wish to make your request directly to us, please provide the name of our customer on whose behalf we processed your personal data. We will refer your request to that customer, and will support them to the extent required by applicable law in responding to your request.",4. Your Data Subject Rights.,,
,"If you have a complaint about our use of your personal data or response to your requests regarding your personal data, you may submit a complaint to the data protection regulator in your jurisdiction. We would, however, appreciate the opportunity to address your concerns before you approach a data protection regulator, and would welcome you directing an inquiry first to us. In addition to the contact information above, please contact our Help Center.",5. Complaints.,,
Codeacademy,"Welcome to Codecademy, the website and mobile service of Ryzac, Inc. (“Codecademy,” “we,” or “us”). This page explains the terms by which you may use our online and/or mobile services, website, and software provided on or in connection with the service (collectively the “Service”). By accessing or using the Service, you signify that you have read, understood, and agree to be bound by this Terms of Service Agreement (“Agreement”) and to the collection and use of your information as set forth in the Codecademy Privacy Policy , whether or not you are a registered user of our Service. This Agreement applies to all visitors, users, and others who access the Service (“Users”).                                                                                                                                                                                             PLEASE READ THIS AGREEMENT CAREFULLY TO ENSURE THAT YOU UNDERSTAND EACH PROVISION. THIS AGREEMENT CONTAINS A MANDATORY ARBITRATION OF DISPUTES PROVISION THAT REQUIRES THE USE OF ARBITRATION ON AN INDIVIDUAL BASIS TO RESOLVE DISPUTES, RATHER THAN JURY TRIALS OR CLASS ACTIONS.",,,Terms of Service
,Codecademy provides an online interactive platform for taking and creating coding classes.,,1. Use of Our Service,
,"Subject to the terms and conditions of this Agreement, you are hereby granted a non-exclusive, limited, non-transferable, freely revocable license to use the Service for your personal, noncommercial use only and as permitted by the features of the Service. Codecademy reserves all rights not expressly granted herein in the Service and the Codecademy Content (as defined below). Codecademy may terminate this license at any time for any reason or no reason.",B. Codecademy Service,,
,"This is a contract between you and Codecademy. You must read and agree to these terms before using the Codecademy Service. If you do not agree, you may not use the Service. You must be 16 years or older to use the Services. If you are less than 18 years of age and would like to register to use any part of the Services, please ask your parent or legal guardian to review and agree to these terms before you use any part of the Services, or ask them to complete the purchase or registration on your behalf. Supplemental terms and conditions may apply to some Services, such as rules for a particular competition, promotion, service or other activity, or terms that may accompany certain content accessible through the Services. Supplemental terms and conditions will be disclosed to you in connection with such competition, service or activity. Any supplemental terms and conditions are in addition to these terms and, in the event of a conflict, prevail over these terms. The Service is not available to any Users previously removed from the Service by Codecademy.",A. Eligibility,,
,"Your Codecademy account gives you access to the services and functionality that we may establish and maintain from time to time and in our sole discretion. By connecting to Codecademy with a third-party service (for example, Facebook or Twitter), you give us permission to access and use your information from that service as permitted by that service, and to store your log-in credentials for that service.                                                                                                                                                                                                                                                                                                                    You may never use another User’s account without permission. When creating your account, you must provide accurate and complete information. You are solely responsible for the activity that occurs on your account, and you must keep your account password secure. We encourage you to use “strong” passwords (passwords that use a combination of upper and lower case letters, numbers and symbols) with your account. You must notify Codecademy immediately of any breach of security or unauthorized use of your account. Codecademy will not be liable for any losses caused by any unauthorized use of your account.
You may control your User profile and how you interact with the Service by changing the settings in your “account settings” page. By providing Codecademy your email address you consent to our using the email address to send you Service-related notices, including any notices required by law, in lieu of communication by postal mail. We may also use your email address to send you other messages, such as changes to features of the Service and special offers. If you do not want to receive such email messages, you may opt out or change your preferences in your “account settings” page. Opting out may prevent you from receiving email messages regarding updates, improvements, or offers.",C. Codecademy Accounts,,
,"The Children’s Online Privacy and Protection Act (“COPPA”) requires that online service providers obtain clear and verifiable parental consent before receiving personal information from children under 13. Because Codecademy provides the Service to School to benefit and enhance the School’s curriculum, CODECADEMY RELIES ON SCHOOL TO OBTAIN AND PROVIDE APPROPRIATE CONSENT, IF NEEDED, TO COLLECT STUDENT INFORMATION. School represents and warrants that School has the authority to provide consent for Codecademy to collect information from students before allowing students under 13 to access our Service, and that School has provided appropriate disclosures to students and parents regarding School’s sharing of Student Data with service providers such as Codecademy. We recommend that School provide a copy of our Privacy Policy to parents and guardians.",D. School Accounts,,
,"You agree not to engage in any of the following prohibited activities: (i) copying, distributing, or disclosing any part of the Service in any medium, including without limitation by any automated or non-automated “scraping”; (ii) using any automated system, including without limitation “robots,” “spiders,” “offline readers,” etc., to access the Service in a manner that sends more request messages to the Codecademy servers than a human can reasonably produce in the same period of time by using a conventional on-line web browser (except that Codecademy grants the operators of public search engines revocable permission to use spiders to copy materials from Codecademy.com for the sole purpose of and solely to the extent necessary for creating publicly available searchable indices of the materials, but not caches or archives of such materials); (iii) transmitting spam, chain letters, or other unsolicited email; (iv) attempting to interfere with, compromise the system integrity or security or decipher any transmissions to or from the servers running the Service; (v) taking any action that imposes, or may impose at our sole discretion an unreasonable or disproportionately large load on our infrastructure; (vi) uploading invalid data, viruses, worms, or other software agents through the Service; (vii) collecting or harvesting any personally identifiable information, including account names, from the Service; (viii) using the Service for any commercial solicitation purposes; (ix) impersonating another person or otherwise misrepresenting your affiliation with a person or entity, conducting fraud, hiding or attempting to hide your identity; (x) interfering with the proper working of the Service; (xi) accessing any content on the Service through any technology or means other than those provided or authorized by the Service; or (xii) bypassing the measures we may use to prevent or restrict access to the Service, including without limitation features that prevent or restrict use or copying of any content or enforce limitations on use of the Service or the content therein.                                                                                                                                                                                                                            We may, without prior notice, change the Service; stop providing the Service or features of the Service, to you or to users generally; or create usage limits for the Service. We may permanently or temporarily terminate or suspend your access to the Service without notice and liability for any reason, including if in our sole determination you violate any provision of this Agreement, or for no reason. Upon termination for any reason or no reason, you continue to be bound by this Agreement.
You are solely responsible for your interactions with other Codecademy Users. We reserve theright, but have no obligation, to monitor disputes between you and other Users. Codecademy shall have no liability for your interactions with other Users, or for any User’s action or inaction.",E. Service Rules,,
,"Some areas of the Service allow Users to post content such as profile information, comments, questions, course content and other content or information (any such materials a User submits, posts, displays, or otherwise makes available on the Service “User Content”). Access to these features may be subject to age restrictions. We claim no ownership rights over User Content created by you. The User Content you create remains yours; however, by sharing User Content through the Service, you agree to allow others to view, edit, and/or share your User Content in accordance with your settings and this Agreement. Codecademy has the right (but not the obligation) in its sole discretion to remove any User Content that is shared via the Service.                                                                                                               You agree not to post User Content that: (i) may create a risk of harm, loss, physical or mental injury, emotional distress, death, disability, disfigurement, or physical or mental illness to you, to any other person, or to any animal; (ii) may create a risk of any other loss or damage to any person or property; (iii) seeks to harm or exploit children by exposing them to inappropriate content, asking for personally identifiable details or otherwise; (iv) may constitute or contribute to a crime or tort; (v) contains any information or content that we deem to be unlawful, harmful, abusive, racially or ethnically offensive, defamatory, infringing, invasive of personal privacy or publicity rights, harassing, humiliating to other people (publicly or otherwise), libelous, threatening, profane, or otherwise objectionable; (vi) contains any information or content that is illegal (including, without limitation, the disclosure of insider information under securities law or of another party’s trade secrets); (vii) contains any information or content that you do not have a right to make available under any law or under contractual or fiduciary relationships; or (viii) contains any information or content that you know is not correct and current or (ix) violates any school or other applicable policy, including those related to cheating or ethics. You agree that any User Content that you post does not and will not violate third-party rights of any kind, including without limitation any Intellectual Property Rights (as defined below) or rights of privacy. Codecademy reserves the right, but is not obligated, to reject and/or remove any User Content that Codecademy believes, in its sole discretion, violates these provisions. You understand that publishing your User Content on the Service is not a substitute for registering it with the U.S. Copyright Office, the Writer’s Guild of America, or any other rights organization.
For the purposes of this Agreement, “Intellectual Property Rights” means all patent rights, copyright rights, mask work rights, moral rights, rights of publicity, trademark, trade dress and service mark rights, goodwill, trade secret rights and other intellectual property rights as may now exist or hereafter come into existence, and all applications therefore and registrations, renewals and extensions thereof, under the laws of any state, country, territory or other jurisdiction.
In connection with your User Content, you affirm, represent and warrant the following:
Your User Content and Codecademy’s use thereof as contemplated by this Agreement and the Service will not violate any law or infringe any rights of any third party, including but not limited to any Intellectual Property Rights and privacy rights. Codecademy may exercise the rights to your User Content granted under this Agreement without liability for payment of any guild fees, residuals, payments, fees, or royalties payable under any collective bargaining agreement or otherwise. To the best of your knowledge, all your User Content you provide to us is truthful and accurate.You have the written consent of each and every identifiable natural person in the User Content, if any, to use such person’s name or likeness in the manner contemplated by the Service and this Agreement, and each such person has released you from any liability that may arise in relation to such use. Codecademy takes no responsibility and assumes no liability for any User Content that you or any other User or third party posts or sends over the Service. You shall be solely responsible for your User Content and the consequences of posting or publishing it, and you agree that we are only acting as a passive conduit for your online distribution and publication of your User Content. You understand and agree that you may be exposed to User Content that is inaccurate, objectionable, inappropriate for children, or otherwise unsuited to your purpose, and you agree that Codecademy shall not be liable for any damages you allege to incur as a result of User Content.",,2. User Content,
,"By posting any User Content on the Service, you expressly grant, and you represent and warrant that you have all rights necessary to grant, to Codecademy a royalty-free, sublicensable, transferable, perpetual, irrevocable, non-exclusive, worldwide license to use, reproduce, modify, publish, list information regarding, edit, translate, distribute, syndicate, publicly perform, publicly display, and make derivative works of all such User Content and your name, voice, and/or likeness as contained in your User Content, in whole or in part, and in any form, media or technology, whether now known or hereafter developed, for use in connection with the Service and Codecademy’s (and its successors’ and affiliates’) business, including without limitation for promoting and redistributing part or all of the Service (and derivative works thereof) in any media formats and through any media channels. You also hereby grant each User of the Service a non-exclusive license to access your User Content through the Service, and to use, display, reproduce and perform such User Content solely as permitted through the functionality of the Service and under this Agreement.",,3. User Content License Grant,
,"We may make available software to access the Service via a mobile device (“Mobile Software”). To use the Mobile Software you must have a mobile device that is compatible with the Mobile Service. Codecademy does not warrant that the Mobile Software will be compatible with your mobile device. Codecademy hereby grants you a non-exclusive, non-transferable, revocable license to use a compiled code copy of the Mobile Software for one Codecademy account on one mobile device owned or leased solely by you, for your personal use. You may not: (i) modify, disassemble, decompile or reverse engineer the Mobile Software, except to the extent that such restriction is expressly prohibited by law; (ii) rent, lease, loan, resell, sublicense, distribute or otherwise transfer the Mobile Software to any third party or use the Mobile Software to provide time sharing or similar services for any third party; (iii) make any copies of the Mobile Software; (iv) remove, circumvent, disable, damage or otherwise interfere with security-related features of the Mobile Software, features that prevent or restrict use or copying of any content accessible through the Mobile Software, or features that enforce limitations on use of the Mobile Software; or (v) delete the copyright and other proprietary rights notices on the Mobile Software. You acknowledge that Codecademy may from time to time issue upgraded versions of the Mobile Software, and may automatically electronically upgrade the version of the Mobile Software that you are using on your mobile device. You consent to such automatic upgrading on your mobile device, and agree that the terms and conditions of this Agreement will apply to all such upgrades. Any third-party code that may be incorporated in the Mobile Software is covered by the applicable open source or third-party license EULA, if any, authorizing use of such code. The foregoing license grant is not a sale of the Mobile Software or any copy thereof, and Codecademy or its third party partners or suppliers retain all right, title, and interest in the Mobile Software (and any copy thereof). Any attempt by you to transfer any of the rights, duties or obligations hereunder, except as expressly provided for in this Agreement, is void. Codecademy reserves all rights not expressly granted under this Agreement. If the Mobile Software is being acquired on behalf of the United States Government, then the following provision applies: the Mobile Software will be deemed to be “commercial computer software” and “commercial computer software documentation,” respectively, pursuant to DFAR Section 227.7202 and FAR Section 12.212, as applicable. Any use, reproduction, release, performance, display or disclosure of the Service and any accompanying documentation by the U.S. Government will be governed solely by these Terms of Service and is prohibited except to the extent expressly permitted by these Terms of Service. The Mobile Software originates in the United States, and is subject to United States export laws and regulations. The Mobile Software may not be exported or re-exported to certain countries or those persons or entities prohibited from receiving exports from the United States. In addition, the Mobile Software may be subject to the import and export laws of other countries. You agree to comply with all United States and foreign laws related to use of the Mobile Software and the Codecademy Service.",A. Mobile Software.,4. Mobile Software,
,"The following applies to any Mobile Software you acquire from the iTunes Store (“iTunes-Sourced Software”): You acknowledge and agree that this Agreement is solely between you and Codecademy, not Apple, and that Apple has no responsibility for the iTunes-Sourced Software or content thereof. Your use of the iTunes-Sourced Software must comply with the App Store Terms of Service. You acknowledge that Apple has no obligation whatsoever to furnish any maintenance and support services with respect to the iTunes-Sourced Software. In the event of any failure of the iTunes-Sourced Software to conform to any applicable warranty, you may notify Apple, and Apple will refund the purchase price for the iTunes-Sourced Software to you; to the maximum extent permitted by applicable law, Apple will have no other warranty obligation whatsoever with respect to the iTunes-Sourced Software, and any other claims, losses, liabilities, damages, costs or expenses attributable to any failure to conform to any warranty will be solely governed by this Agreement and any law applicable to Codecademy as provider of the software. You acknowledge that Apple is not responsible for addressing any claims of you or any third party relating to the iTunes-Sourced Software or your possession and/or use of the iTunes-Sourced Software, including, but not limited to: (i) product liability claims; (ii) any claim that the iTunes-Sourced Software fails to conform to any applicable legal or regulatory requirement; and (iii) claims arising under consumer protection or similar legislation; and all such claims are governed solely by this Agreement and any law applicable to Codecademy as provider of the software. You acknowledge that, in the event of any third party claim that the iTunes-Sourced Software or your possession and use of that iTunes-Sourced Software infringes that third party’s intellectual property rights, Codecademy, not Apple, will be solely responsible for the investigation, defense, settlement and discharge of any such intellectual property infringement claim to the extent required by this Agreement. You and Codecademy acknowledge and agree that Apple, and Apple’s subsidiaries, are third party beneficiaries of this Agreement as relates to your license of the iTunes-Sourced Software, and that, upon your acceptance of the terms and conditions of this Agreement, Apple will have the right (and will be deemed to have accepted the right) to enforce this Agreement as relates to your license of the iTunes-Sourced Software against you as a third party beneficiary thereof.",B. Mobile Software from iTunes.,,
,"Except for your User Content, the Service and all materials therein or transferred thereby, including, without limitation, software, images, text, graphics, illustrations, logos, patents, trademarks, service marks, copyrights, photographs, audio, videos, music, and User Content belonging to other Users (the “Codecademy Content”), and all Intellectual Property Rights related thereto, are the exclusive property of Codecademy and its licensors (including other Users who post User Content to the Service). Except as explicitly provided herein, nothing in this Agreement shall be deemed to create a license in or under any such Intellectual Property Rights, and you agree not to sell, license, rent, modify, distribute, copy, reproduce, transmit, publicly display, publicly perform, publish, adapt, edit or create derivative works from any Codecademy Content. Use of the Codecademy Content for any purpose not expressly permitted by this Agreement is strictly prohibited.                                                                           You may choose to or we may invite you to submit comments or ideas about the Service, including without limitation about how to improve the Service or our products (“Ideas”). By submitting any Idea, you agree that your disclosure is gratuitous, unsolicited and without restriction and will not place Codecademy under any fiduciary or other obligation, and that we are free to use the Idea without any additional compensation to you, and/or to disclose the Idea on a non-confidential basis or otherwise to anyone. You further acknowledge that, by acceptance of your submission, Codecademy does not waive any rights to use similar or related ideas previously known to Codecademy, or developed by its employees, or obtained from sources other than you.",,5. Our Proprietary Rights,
,"Certain aspects of the Service may allow you to obtain certain reputational or status indicators (for example, points and badges for completing courses) (“Codecademy Indicators”). You understand and agree that regardless of terminology used, Codecademy Indicators represent a limited license right governed solely by the terms of this Agreement and available for distribution at Codecademy’s sole discretion. Codecademy Indicators are not redeemable for any sum of money or monetary value from Codecademy at any time. You acknowledge that you do not own the account you use to access the Service, nor do you possess any rights of access or rights to data stored by or on behalf of Codecademy on Codecademy servers, including without limitation any data representing or embodying any or all of your Codecademy Indicators. You agree that Codecademy has the absolute right to manage, regulate, control, modify and/or eliminate Codecademy Indicators as it sees fit in its sole discretion, in any general or specific case, and that Codecademy will have no liability to you based on its exercise of such right. All data on Codecademy’s servers are subject to deletion, alteration or transfer. NOTWITHSTANDING ANY VALUE ATTRIBUTED TO SUCH DATA BY YOU OR ANY THIRD PARTY, YOU UNDERSTAND AND AGREE THAT ANY DATA, ACCOUNT HISTORY AND ACCOUNT CONTENT RESIDING ON CODECADEMY’S SERVERS, MAY BE DELETED, ALTERED, MOVED OR TRANSFERRED AT ANY TIME FOR ANY REASON IN CODECADEMY’S SOLE DISCRETION, WITH OR WITHOUT NOTICE AND WITH NO LIABILITY OF ANY KIND. CODECADEMY DOES NOT PROVIDE OR GUARANTEE, AND EXPRESSLY DISCLAIMS, ANY VALUE, CASH OR OTHERWISE, ATTRIBUTED TO ANY DATA RESIDING ON CODECADEMY’S SERVERS.",,6. Codecademy Indicators,
,"Certain aspects of the Service may be provided for a fee or other charge. If you elect to use paid aspects of the Service, you agree to the pricing and payment terms, as we may update them from time to time. Codecademy may add new services for additional fees and charges, or amend fees and charges for existing services, at any time in its sole discretion. Any change to our pricing or payment terms shall become effective in the billing cycle following notice of such change to you as provided in this Agreement or otherwise.",A. Billing Policies,7. Paid Services,
,"Codecademy subscriptions renew automatically using the payment details on file for your account. If you purchase a subscription with automatic renewal, you acknowledge and agree that we are authorized to use the payment information on file for the renewal fee. Until you cancel, your subscription will renew monthly or annually on the same day of the month or year, respectively, as the date you made your initial purchase and the payment information on file will be billed for the then-current subscription fee. This purchase date will be included on your subscription confirmation receipt that will be emailed to you at the email you provide. You may cancel your Pro account at any time from within the Manage Payments section of your Account Settings. This will stop future subscription charges from accruing to your account.",B. Automatic Renewal,,
,"You may cancel your Codecademy account at any time; however, there are no partial or pro-rata refunds for cancellation. If you cancel your subscription, cancellation will be effective at the end of the current monthly or annual billing period; you will have continued access to your subscription for the remainder of that period, but you will not receive a refund. Codecademy may offer partial, pro rata refunds for Codecademy’s early suspension, termination, or cancellation of a paid program, where the pricing and payment terms for the specific Codecademy program expressly state that such refunds are available in such scenarios and/or as required by law. In the event that you cancel your account or Codecademy suspends or terminates your account under this Agreement for your breach of this Agreement, you understand and agree that you shall receive no refund or exchange for any Codecademy Indicators, any unused time on a subscription, any license or subscription fees for any portion of the Service, any content or data associated with your account, or for anything else.",C. No Refunds,,
,"Codecademy may offer a free trial of our Service to new and eligible returning subscribers, subject to specific terms explained during your free trial sign-up. To avoid being charged during a free trial promotion, you must cancel your subscription before your free trial ends. You can view the details of your free trial on your Codecademy Account Settings page. Codecademy reserves the right to determine eligibility for free trials, which may vary based on factors including the subscription selected and how recently you redeemed a free trial. Certain limitations may also exist with respect to combining free trials with any other offers. If you do not cancel prior to the end of your free trial period, the payment method provided at sign-up will be automatically billed for the applicable subscription fee. If you wish to avoid charges to the payment information that you have on file, you must cancel your subscription prior to the end of the seven (7) day period beginning at the time that you began your free trial. You may cancel your subscription at any time as described in the “Cancellations” section of these Terms.",D. Free Trials,,
,"You can cancel your subscription at any time by logging into your Codecademy account on the Codecademy site and following the instructions on the Manage Payments section of your Account Settings page. You must cancel your subscription prior to your next recurring billing date in order to avoid being charged. If you cancel your subscription, you will continue to have access to the Service through the end of your current billing period, but will not receive a refund. Cancelling your subscription will not completely delete your account from our Service. You may choose to delete your account, but you will not be able to recover data from your former account at a later date if you do so.",E. Cancellations,,
,"All information that you provide in connection with a purchase or transaction or other monetary transaction interaction with the Service must be accurate, complete, and current. You agree to pay all charges incurred by users of your credit card, debit card, or other payment method used in connection with a purchase or transaction or other monetary transaction interaction with the Service at the prices in effect when such charges are incurred. You will pay any applicable taxes relating to any such purchases, transactions or other monetary transaction interactions.",F. Payment Information; Taxes,,
,"We care about the privacy of our Users. You understand that by using the Services you consent to the collection, use and disclosure of your personally identifiable information and aggregate data as set forth in our Privacy Policy, and to have your personally identifiable information collected, used, transferred to and processed in the United States.",,8. Privacy,
,"Codecademy cares about the integrity and security of your personal information. However, we cannot guarantee that unauthorized third parties will never be able to defeat our security measures or use your personal information for improper purposes. You acknowledge that you provide your personal information at your own risk.",,9. Security,
,"Since we respect artist and content owner rights, it is Codecademy’s policy to respond to alleged infringement notices that comply with the Digital Millennium Copyright Act of 1998 (“DMCA”).                        If you believe that your copyrighted work has been copied in a way that constitutes copyright infringement and is accessible via the Service, please notify Codecademy’s copyright agent as set forth in the DMCA. For your complaint to be valid under the DMCA, you must provide the following information in writing:
An electronic or physical signature of a person authorized to act on behalf of the copyright owner;
Identification of the copyrighted work that you claim has been infringed;
Identification of the material that is claimed to be infringing and where it is located on the Service;
Information reasonably sufficient to permit Codecademy to contact you, such as your address, telephone number, and, e-mail address;
A statement that you have a good faith belief that use of the material in the manner complained of is not authorized by the copyright owner, its agent, or law; and
A statement, made under penalty of perjury, that the above information is accurate, and that you are the copyright owner or are authorized to act on behalf of the owner.
The above information must be submitted to the following DMCA Agent:
Attn: DMCA Notice Ryazc, Inc.
Address: 575 Broadway, 5th Floor New York City, NY 10012
Email: copyright @ codecademy .com
UNDER FEDERAL LAW, IF YOU KNOWINGLY MISREPRESENT THAT ONLINE MATERIAL IS INFRINGING, YOU MAY BE SUBJECT TO CRIMINAL PROSECUTION FOR PERJURY AND CIVIL PENALTIES, INCLUDING MONETARY DAMAGES, COURT COSTS, AND ATTORNEYS’ FEES.
Please note that this procedure is exclusively for notifying Codecademy and its affiliates that your copyrighted material has been infringed. The preceding requirements are intended to comply with Codecademy’s rights and obligations under the DMCA, including 17 U.S.C. §512(c), but do not constitute legal advice. It may be advisable to contact an attorney regarding your rights and obligations under the DMCA and other applicable laws.
In accordance with the DMCA and other applicable law, Codecademy has adopted a policy of terminating, in appropriate circumstances, Users who are deemed to be repeat infringers. Codecademy may also at its sole discretion limit access to the Service and/or terminate the accounts of any Users who infringe any intellectual there is any repeat infringement.",,10. DMCA Notice,
,"The Service may contain links to third-party websites, advertisers, services, special offers, or other events or activities that are not owned or controlled by Codecademy. Codecademy does not endorse or assume any responsibility for any such third-party sites, information, materials, products, or services. If you access a third party website from the Service, you do so at your own risk, and you understand that this Agreement and Codecademy’s Privacy Policy do not apply to your use of such sites. You expressly relieve Codecademy from any and all liability arising from your use of any third-party website, service, or content. Additionally, your dealings with or participation in promotions of advertisers found on the Service, including payment and delivery of goods, and any other terms (such as warranties) are solely between you and such advertisers. You agree that Codecademy shall not be responsible for any loss or damage of any sort relating to your dealings with such advertisers.",,11. Third-Party Links,
,"You agree to defend, indemnify and hold harmless Codecademy and its subsidiaries, agents, licensors, managers, and other affiliated companies, and their employees, contractors, agents, officers and directors, from and against any and all claims, damages, obligations, losses, liabilities, costs or debt, and expenses (including but not limited to attorney’s fees) arising out of or related to: (i) your use of and access to the Service, including any data or content transmitted or received by you; (ii) your violation of any term of this Agreement, including without limitation your breach of any of the representations and warranties above; (iii) your violation of any third-party right, including without limitation any right of privacy or Intellectual Property Rights; (iv) your violation of any applicable law, rule or regulation; (v) User Content or any other information or content that is submitted via your account including without limitation misleading, false or inaccurate information; (vi) negligent or willful misconduct; or (vii) any other party’s access and use of other appropriate security code.",,12. Indemnity,
,"THE SERVICE IS PROVIDED ON AN “AS IS” AND “AS AVAILABLE” BASIS. USE OF THE SERVICE IS AT YOUR OWN RISK. TO THE MAXIMUM EXTENT PERMITTED BY APPLICABLE LAW, THE SERVICE IS PROVIDED WITHOUT WARRANTIES OF ANY KIND, WHETHER EXPRESS OR IMPLIED, INCLUDING, BUT NOT LIMITED TO, IMPLIED WARRANTIES OF MERCHANTABILITY, FITNESS FOR A PARTICULAR PURPOSE, OR NON-INFRINGEMENT. WITHOUT LIMITING THE FOREGOING, CODECADEMY, ITS SUBSIDIARIES, ITS AFFILIATES, AND ITS LICENSORS DO NOT WARRANT THAT THE CONTENT IS ACCURATE, RELIABLE OR CORRECT; THAT THE SERVICE WILL MEET YOUR REQUIREMENTS; THAT THE SERVICE WILL BE AVAILABLE AT ANY PARTICULAR TIME OR LOCATION, UNINTERRUPTED OR SECURE; THAT ANY DEFECTS OR ERRORS WILL BE CORRECTED; OR THAT THE SERVICE IS FREE OF VIRUSES OR OTHER HARMFUL COMPONENTS. ANY CONTENT DOWNLOADED OR OTHERWISE OBTAINED THROUGH THE USE OF THE SERVICE IS DOWNLOADED AT YOUR OWN RISK AND YOU WILL BE SOLELY RESPONSIBLE FOR ANY DAMAGE TO YOUR COMPUTER SYSTEM OR MOBILE DEVICE OR LOSS OF DATA THAT RESULTS FROM SUCH DOWNLOAD OR YOUR USE OF THE SERVICE.                                                                                                                                              SOME STATES DO NOT ALLOW THE EXCLUSION OF IMPLIED WARRANTIES, SO THE ABOVE EXCLUSIONS MAY NOT APPLY TO YOU. THIS AGREEMENT GIVES YOU SPECIFIC LEGAL RIGHTS, AND YOU MAY ALSO HAVE OTHER RIGHTS WHICH VARY FROM STATE TO STATE. THE DISCLAIMERS AND EXCLUSIONS UNDER THIS AGREEMENT WILL NOT APPLY TO THE EXTENT PROHIBITED BY APPLICABLE LAW.
CODECADEMY DOES NOT WARRANT, ENDORSE, GUARANTEE, OR ASSUME RESPONSIBILITY FOR ANY PRODUCT OR SERVICE ADVERTISED OR OFFERED BY A THIRD PARTY THROUGH THE CODECADEMY SERVICE OR ANY HYPERLINKED WEBSITE OR SERVICE, AND CODECADEMY WILL NOT BE A PARTY TO OR IN ANY WAY MONITOR ANY TRANSACTION BETWEEN YOU AND THIRD-PARTY PROVIDERS OF PRODUCTS OR SERVICES.",,13. No Warranty,
,"TO THE MAXIMUM EXTENT PERMITTED BY APPLICABLE LAW, IN NO EVENT SHALL CODECADEMY, ITS AFFILIATES, AGENTS, DIRECTORS, EMPLOYEES, SUPPLIERS OR LICENSORS BE LIABLE FOR ANY INDIRECT, PUNITIVE, INCIDENTAL, SPECIAL, CONSEQUENTIAL OR EXEMPLARY DAMAGES, INCLUDING WITHOUT LIMITATION DAMAGES FOR LOSS OF PROFITS, GOODWILL, USE, DATA OR OTHER INTANGIBLE LOSSES, ARISING OUT OF OR RELATING TO THE USE OF, OR INABILITY TO USE, THIS SERVICE. UNDER NO CIRCUMSTANCES WILL CODECADEMY BE RESPONSIBLE FOR ANY DAMAGE, LOSS OR INJURY RESULTING FROM HACKING, TAMPERING OR OTHER UNAUTHORIZED ACCESS OR USE OF THE SERVICE OR YOUR ACCOUNT OR THE INFORMATION CONTAINED THEREIN.                                                                                                                  TO THE MAXIMUM EXTENT PERMITTED BY APPLICABLE LAW, CODECADEMY ASSUMES NO LIABILITY OR RESPONSIBILITY FOR ANY (I) ERRORS, MISTAKES, OR INACCURACIES OF CONTENT; (II) PERSONAL INJURY OR PROPERTY DAMAGE, OF ANY NATURE WHATSOEVER, RESULTING FROM YOUR ACCESS TO OR USE OF OUR SERVICE; (III) ANY UNAUTHORIZED ACCESS TO OR USE OF OUR SECURE SERVERS AND/OR ANY AND ALL PERSONAL INFORMATION STORED THEREIN; (IV) ANY INTERRUPTION OR CESSATION OF TRANSMISSION TO OR FROM THE SERVICE; (V) ANY BUGS, VIRUSES, TROJAN HORSES, OR THE LIKE THAT MAY BE TRANSMITTED TO OR THROUGH OUR SERVICE BY ANY THIRD PARTY; (VI) ANY ERRORS OR OMISSIONS IN ANY CONTENT OR FOR ANY LOSS OR DAMAGE INCURRED AS A RESULT OF THE USE OF ANY CONTENT POSTED, EMAILED, TRANSMITTED, OR OTHERWISE MADE AVAILABLE THROUGH THE SERVICE; AND/OR (VII) USER CONTENT OR THE DEFAMATORY, OFFENSIVE, OR ILLEGAL CONDUCT OF ANY THIRD PARTY. IN NO EVENT SHALL CODECADEMY, ITS AFFILIATES, AGENTS, DIRECTORS, EMPLOYEES, SUPPLIERS, OR LICENSORS BE LIABLE TO YOU FOR ANY CLAIMS, PROCEEDINGS, LIABILITIES, OBLIGATIONS, DAMAGES, LOSSES OR COSTS IN AN AMOUNT EXCEEDING THE AMOUNT YOU PAID TO CODECADEMY HEREUNDER OR $100.00, WHICHEVER IS GREATER.
THIS LIMITATION OF LIABILITY SECTION APPLIES WHETHER THE ALLEGED LIABILITY IS BASED ON CONTRACT, TORT, NEGLIGENCE, STRICT LIABILITY, OR ANY OTHER BASIS, EVEN IF CODECADEMY HAS BEEN ADVISED OF THE POSSIBILITY OF SUCH DAMAGE. THE FOREGOING LIMITATION OF LIABILITY SHALL APPLY TO THE FULLEST EXTENT PERMITTED BY LAW IN THE APPLICABLE JURISDICTION.
SOME STATES DO NOT ALLOW THE EXCLUSION OR LIMITATION OF INCIDENTAL OR CONSEQUENTIAL DAMAGES, SO THE ABOVE LIMITATIONS OR EXCLUSIONS MAY NOT APPLY TO YOU. THIS AGREEMENT GIVES YOU SPECIFIC LEGAL RIGHTS, AND YOU MAY ALSO HAVE OTHER RIGHTS WHICH VARY FROM STATE TO STATE. THE EXCLUSIONS AND LIMITATIONS OF LIABILITY UNDER THIS AGREEMENT WILL NOT APPLY TO THE EXTENT PROHIBITED BY APPLICABLE LAW.
The Service is controlled and operated from facilities in the United States. Codecademy makes no representations that the Service is appropriate or available for use in other locations. Those who access or use the Service from other jurisdictions do so at their own volition and are entirely responsible for compliance with all applicable United States and local laws and regulations, including but not limited to export and import regulations. You may not use the Service if you are a resident of a country embargoed by the United States, or are a foreign person or entity blocked or denied by the United States government. Unless otherwise explicitly stated, all materials found on the Service are solely directed to individuals, companies, or other entities located in the United States.",,14. Limitation of Liability,
,"You agree that: (i) the Service shall be deemed solely based in New York; and (ii) the Service shall be deemed a passive one that does not give rise to personal jurisdiction over Codecademy, either specific or general, in jurisdictions other than New York. This Agreement shall be governed by the internal substantive laws of the State of New York, without respect to its conflict of laws principles. The parties acknowledge that this Agreement evidences a transaction involving interstate commerce. Notwithstanding the preceding sentences with respect to the substantive law, any arbitration conducted pursuant to the terms of this Agreement shall be governed by the Federal Arbitration Act (9 U.S.C. §§ 1-16). The application of the United Nations Convention on Contracts for the International Sale of Goods is expressly excluded. You agree to submit to the personal jurisdiction of the federal and state courts located in New York County, New York for any actions for which we retain the right to seek injunctive or other equitable relief in a court of competent jurisdiction to prevent the actual or threatened infringement, misappropriation or violation of a our copyrights, trademarks, trade secrets, patents, or other intellectual property or proprietary rights, as set forth in the Arbitration provision below.",A. Governing Law.,15. Governing Law and Arbitration,
,"READ THIS SECTION CAREFULLY BECAUSE IT REQUIRES THE PARTIES TO ARBITRATE THEIR DISPUTES AND LIMITS THE MANNER IN WHICH YOU CAN SEEK RELIEF FROM CODECADEMY. In the unlikely event that Codecademy has not been able to resolve a dispute it has with you after 60 days, we each agree to resolve any claim, dispute, or controversy (excluding any Codecademy claims for injunctive or other equitable relief) arising out of or in connection with or relating to these Terms of Service, or the breach or alleged breach thereof (collectively, “Claims”), by binding arbitration by the Judicial Mediation and Arbitration Services (“JAMS”) under the Optional Expedited Arbitration Procedures then in effect for JAMS, except as provided herein. The arbitration will be conducted in New York County, New York, unless you and Codecademy agree otherwise. Each party will be responsible for paying any JAMS filing, administrative and arbitrator fees in accordance with JAMS rules. The award rendered by the arbitrator shall include costs of arbitration, reasonable attorneys’ fees and reasonable costs for expert and other witnesses, and any judgment on the award rendered by the arbitrator may be entered in any court of competent jurisdiction. Nothing in this Section shall be deemed as preventing Codecademy from seeking injunctive or other equitable relief from the courts as necessary to protect any of Codecademy’s proprietary interests. ALL CLAIMS MUST BE BROUGHT IN THE PARTIES’ INDIVIDUAL CAPACITY, AND NOT AS A PLAINTIFF OR CLASS MEMBER IN ANY PURPORTED CLASS ACTION, COLLECTIVE ACTION, PRIVATE ATTORNEY GENERAL ACTION OR OTHER REPRESENTATIVE PROCEEDING. THIS WAIVER APPLIES TO CLASS ARBITRATION, AND, UNLESS WE AGREE OTHERWISE, THE ARBITRATOR MAY NOT CONSOLIDATE MORE THAN ONE PERSON’S CLAIMS. YOU AGREE THAT, BY ENTERING INTO THIS TERMS OF SERVICE, YOU AND CODECADEMY ARE EACH WAIVING THE RIGHT TO A TRIAL BY JURY OR TO PARTICIPATE IN A CLASS ACTION, .COLLECTIVE ACTION, PRIVATE ATTORNEY GENERAL ACTION, OR OTHER REPRESENTATIVE PROCEEDING OF ANY KIND.",B. Arbitration.,,
,"This Agreement, and any rights and licenses granted hereunder, may not be transferred or assigned by you, but may be assigned by Codecademy without restriction. Any attempted transfer or assignment in violation hereof shall be null and void.",A. Assignment.,General,
,"Codecademy may provide notifications, whether such notifications are required by law or are for marketing or other business related purposes, to you via email notice, written or hard copy notice, or through posting of such notice on our website, as determined by Codecademy in our sole discretion. Codecademy reserves the right to determine the form and means of providing notifications to our Users, provided that you may opt out of certain means of notification as described in this Agreement. Codecademy is not responsible for any automatic filtering you or your network provider may apply to email notifications we send to the email address you provide us. Codecademy may, in its sole discretion, modify or update this Agreement from time to time, and so you should review this page periodically. When we change the Agreement in a material manner, we will update the ‘last modified’ date at the bottom of this page. Your continued use of the Service after any such change constitutes your acceptance of the new Terms of Service. If you do not agree to any of these terms or any future Terms of Service, do not use or access (or continue to access) the Service.",B. Notification Procedures and Changes to the Agreement.,,
,"This Agreement, together with any amendments and any additional agreements you may enter into with Codecademy in connection with the Service, shall constitute the entire agreement between you and Codecademy concerning the Service. If any provision of this Agreement is deemed invalid by a court of competent jurisdiction, the invalidity of such provision shall not affect the validity of the remaining provisions of this Agreement, which shall remain in full force and effect, except that in the event of unenforceability of the universal Class Action/Jury Trial Waiver, the entire arbitration agreement shall be unenforceable.",C. Entire Agreement/Severability.,,
,"No waiver of any term of this Agreement shall be deemed a further or continuing waiver of such term or any other term, and Codecademy’s failure to assert any right or provision under this Agreement shall not constitute a waiver of such right or provision.",D. No Waiver.,,
,"If the Service is licensed to the United States government or any agency thereof, then the Service will be deemed to be “commercial computer software” and “commercial computer software documentation,” respectively, pursuant to DFAR Section 227.7202 and FAR Section 12.212, as applicable. Any use, reproduction, release, performance, display or disclosure of the Service and any accompanying documentation by the U.S. Government will be governed solely by these Terms of Service and is prohibited except to the extent expressly permitted by these Terms of Service.",E. Government Use Rights.,,
,"For legal notices please mail or serve us at 575 Broadway, New York, NY, 10012. You can also contact us via our Help Desk. This Agreement was last modified on April 2nd, 2020.",F. Contact.,,