Website,Terms List,Sub Category 2,Sub Category 1,Main Category
Edx,"You agree that you are responsible for your own use of the edX Site and for your User Postings. ""User Postings"" means all content submitted, posted, published, or distributed on the edX Site by you or other users of the edX Site, including but not limited to all forum posts, wiki edits, notes, questions, comments, videos, and file uploads. You agree that you will use the edX Site in compliance with these Agreements, and all applicable local, state, national and international laws, rules and regulations, including copyright laws, any laws regarding the transmission of technical data exported from your country of residence, and all United States export control laws.                                                                                                                                                                                                                                                         As a condition of your use of the edX Site, you will not use the edX Site in any manner intended to damage, disable, overburden, or impair any edX server or the network(s) connected to any edX server or to interfere with any other party's use and enjoyment of the edX Site. You may not attempt to gain unauthorized access to the edX Site, other accounts, computer systems, or networks connected to any edX server through hacking, password mining, or any other means. You may not obtain or attempt to obtain any materials or information stored on the edX Site, its servers, or associated computers through any means not intentionally made available through the edX Site. If you are a registered user, you will not share your password or let anyone else access or compromise your account.
Furthermore, you agree not to scrape, or otherwise download in bulk, any edX Site content, including but not limited to a list or directory of users on the system, User Postings or user information, online textbooks, course materials, or trademarks and logos. You agree not to misrepresent or attempt to misrepresent your identity while using the edX Site (although you are welcome and encouraged to use an anonymous username in the forums and to act in a manner that keeps your identity concealed).",,Rules for Online Conduct,Terms of Service
,"THE FOLLOWING ITEMS ARE STRICTLY PROHIBITED ON THE EDX SITE:                                                                                                                                                                                         Content that defames, harasses or threatens others;
Content that discusses illegal activities with the intent to commit them;
Content that infringes another's intellectual property, including, but not limited to, copyrights or trademarks;
Profane, pornographic, obscene, indecent or unlawful content;
Advertising or any form of commercial solicitation;
Content related to partisan political activities;
Viruses, trojan horses, worms, time bombs, corrupted files, malware, spyware, or any other similar software that may damage the operation of another's computer or property; and
Content that contains intentionally inaccurate information or that is posted with the intent of misleading others (this list, collectively, “Strictly Prohibited Items”).
You may not submit, post, publish, share, or otherwise distribute any of the above Strictly Prohibited Items on or via the edX Site.",,Strictly Prohibited Items,
,"In order to create a user account, you must provide your full name, an email address, your country or region of residence, a public username, and a user password. You agree that you will never divulge or share access or access information for your user account with any third party for any reason. In setting up your user account, you may be prompted to enter additional optional information (e.g., your year of birth). You represent that all information provided by you is accurate and current. You agree to maintain and update your information to keep it accurate and current.                                               We care about the confidentiality and security of your personal information. Please see the Privacy Policy for more information about the collection and use of data on the edX Site.",,User Accounts,
,"Unless indicated as being in the public domain, the content on the edX Site is protected by United States and foreign copyright laws. Unless otherwise expressly stated on the edX Site, the texts, exams, video, images, and other instructional materials provided with the courses and programs offered on the edX Site are for your personal use in connection with those courses and programs only. Certain reference documents, digital textbooks, articles, and other information on the edX Site are used with the permission of third parties, and use of that information is subject to certain rules and conditions, which will be posted along with the information. By using the edX Site, you agree to abide by all such rules and conditions. You agree to retain all copyright and other notices on any content you obtain from the edX Site. All rights in the edX Site and its content, if not expressly granted, are reserved.",,Your Right to use Content on the edX Site,
,"Our goal is to provide current and future visitors to the edX Site with the best possible educational experience. To further this goal, we sometimes present different users with different versions of course materials and software. We do this to personalize the experience to the individual learner (to assess the learner’s level of ability and learning style, and present materials best suited to the learner), to improve our understanding of the learning process, and to evaluate and improve the effectiveness of our course materials, payment models, platform features, and offerings. We may publish or otherwise publicize results from this process, but, unless otherwise permitted under the Privacy Policy, those publications or public disclosures will not include your personal information.",Use for Personalization and Pedagogical Improvements.,,
,"By submitting or distributing your User Postings, you affirm, represent, and warrant (1) that you have the necessary rights, licenses, consents, and/or permissions to reproduce and publish the User Postings and to authorize edX and its users to reproduce, modify, publish, and otherwise use and distribute your User Postings in a manner consistent with the licenses granted by you below, and (2) that neither your submission of your User Postings nor the exercise of the licenses granted below will infringe or violate the rights of any third party. You, and not edX, are solely responsible for your User Postings and the consequences of posting or publishing them.",User Postings Representations and Warranties.,User Postings,
,"By submitting or distributing your User Postings, you hereby grant to edX and the Members (as described below) a worldwide, non-exclusive, transferable, assignable, sub licensable, fully paid-up, royalty-free, perpetual, irrevocable right and license to host, transfer, display, perform, reproduce, modify, distribute, redistribute, relicense, and otherwise use, make available, and exploit your User Postings, in whole or in part, in any form and in any media formats and through any media channels (now known or hereafter developed).",License Grant to edX and the Members.,,
,"From time to time, edX and the colleges, universities, and other institutions providing courses and programs on the edX Site (collectively, the ""Members"") may offer services and products for a fee (for example, course and program certificates). For anything that you choose to purchase on the edX Site, you agree to pay all applicable fees when due. As described in the Privacy Policy, the processing of your payment information is done by a third-party payment vendor, and you will be routed to a secure payment flow controlled by that vendor to complete the payment transaction. Once your payment transaction is completed, an edX confirmation page will be displayed, and you will receive a confirmation email with your name, order number, and the payment amount. Please retain this email for your records as this information will be required if you seek a refund from edX, as described below.",Generally.,CERTIFICATES AND OTHER PRODUCTS & SERVICES,
,"edX and the Members may offer Verified Certificates of Achievement for courses (a ""Verified Certificate"") or certificates for programs (for example, a MicroMasters program certificate) for learners who, in the Members’ judgment, have satisfactorily demonstrated mastery of the course or program material. Certificates will be issued by edX under the name of the underlying Member(s) from where the course or program originated, i.e. HarvardX, MITx, etc. The decision whether a certificate will be awarded to a given learner will be solely within the discretion of the awarding Member.   Subject to the foregoing, you will be required to pay a fee and complete the ID verification process for Verified Certificates. In order to authenticate your identity for a Verified Certificate, you will be prompted to take a webcam photo of yourself, as well as a photo of an acceptable form of photo ID (described below). Although these items are collected by edX in accordance with these TOS and the Privacy Policy, you should be aware that the actual authentication of your identity is performed by an edX third-party service provider and this information will be used only for the purpose of verifying your identity. Acceptable forms of photo ID’s are:
Government or State-issued driver's license
Passport
National ID card
State or Province ID card (including cards issued by motor vehicle agencies)
In order to be accepted by edX, your photo ID must:
Contain your full name exactly (excluding hyphens, accents, and spaces);
Contain a relatively current photograph of yourself;
Be an original document; photocopied documents cannot be accepted; and
Be current and valid; expired documents cannot be accepted.
Unfortunately, if you do not possess a photo ID meeting the criteria described above, edX is unable to provide you with a Verified Certificate at this time.",Certificates.,,
,"Certificates and other purchases on the edX Site may be eligible for a refund for a period of time (in each case, the “Refund Period”). The applicable Refund Period for some products and services are described below. To receive a refund during the Refund Period, simply unenroll from the course and the refund will be processed automatically. Refunds will be credited to the payment account used for the purchase and may take up to two billing cycles to process. For more info, visit the edX Help Center. If the applicable Refund Period for a purchase has passed, but you believe a refund is warranted, please submit a support ticket via the Contact us form.                                                                                                                                                                                                                                                         Verified Certificate Track:
To receive a refund with respect to your enrollment in the verified certificate track of a course, you have a period of 14 days after your payment or 14 days after your course starts (up to six months after your payment) whichever occurs later, during which you may withdraw or unenroll from the course by clicking on the unenroll link on the learner dashboard.
Professional Education Courses:
To receive a refund with respect to your enrollment in a Professional Education course, you have a period of 2 days after your payment or 2 days after the course starts (up to six months after your payment) whichever occurs later to unenroll from the course by clicking on the unenroll link on the learner dashboard.
For more information about refund options (for example, changing to another course session), you should visit the edX Help Center.
Coupon codes and other course entitlements are subject to expiration and any other conditions stated at the time of purchase.",Refunds.,,
,"Solely as a result of enrolling in or completing a course or program provided by a Member through edX: (1) you will not be an applicant for admission to, or enrolled in, any degree or other credit- or credential-bearing program of such Member; and (2) you will not be entitled to use any of the resources of such Member beyond the online courses or programs provided on the edX Site and will not be eligible to receive student privileges or benefits provided to students enrolled in degree or other credit- or credential-bearing programs of the Member.",No Other Enrollment.,,
,"The ""edX,"" ""MIT,"" and ""Harvard University"" names, logos and seals are trademarks (""Trademarks"") of the respective entities. Likewise, the names, logos, and seals of the other Members are Trademarks owned by the respective Member. You may not use any of these Trademarks, or any variations thereof, without the owner's prior written consent. You may not use any of these Trademarks, or any variations thereof, for promotional purposes, or in any way that deliberately or inadvertently claims, suggests or, in the owner’s sole judgment, gives the appearance or impression of a relationship with or endorsement by the owner.                                                                                                                                                                                                                                                         All Trademarks not owned by edX or the Members that appear on the edX Site or on or through the services made available on or through the edX Site, if any, are the property of their respective owners.
Nothing contained on the edX Site should be construed as granting, by implication, estoppel, or otherwise, any license or right to use any Trademark displayed on the edX Site without the written permission of the owner of the applicable Trademark.","Use of edX, MIT, Harvard University, and Other Member Names, Trademarks, and Service Marks.",Trademarks,
,"Copyright owners who believe their material has been infringed on the edX Site should contact edX's designated copyright agent at dmca-agent@edx.org or at edX Inc., 141 Portland St., Cambridge, MA 02139, Attention: edX DMCA Agent/General Counsel.                                                                                                                                                                                                                                                                 Notification must include:
Identification of the copyrighted work, or, in the case of multiple works at the same location, a representative list of such works at that site.
Identification of the material that is claimed to be infringing or to be the subject of infringing activity. You must include sufficient information for us to locate the material (e.g., URL, IP address, computer name).
Information for us to be able to contact the complaining party (e.g., email address, phone number).
A statement that the complaining party believes that the use of the material has not been authorized by the copyright owner or an authorized agent.
A statement that the information in the notification is accurate and that the complaining party is authorized to act on behalf of the copyright owner.",,Digital Millennium Copyright Act,
,"THE EDX SITE AND ANY INFORMATION, CONTENT OR SERVICES MADE AVAILABLE ON OR THROUGH THE EDX SITE ARE PROVIDED ""AS IS"" AND ""AS AVAILABLE"" WITHOUT WARRANTY OF ANY KIND (EXPRESS, IMPLIED OR OTHERWISE), INCLUDING, WITHOUT LIMITATION, ANY IMPLIED WARRANTIES OF MERCHANTABILITY, FITNESS FOR A PARTICULAR PURPOSE, AND NON-INFRINGEMENT, EXCEPT INSOFAR AS ANY SUCH IMPLIED WARRANTIES MAY NOT BE DISCLAIMED UNDER APPLICABLE LAW.                                                                                                                                                                                                                                                                         EDX AND THE EDX PARTICIPANTS (AS DEFINED BELOW) DO NOT WARRANT THAT THE EDX SITE WILL OPERATE IN AN UNINTERRUPTED OR ERROR-FREE MANNER, THAT THE EDX SITE IS FREE OF VIRUSES OR OTHER HARMFUL COMPONENTS, OR THAT THE COURSES OR CONTENT PROVIDED WILL MEET YOUR NEEDS OR EXPECTATIONS. EDX AND THE EDX PARTICIPANTS ALSO MAKE NO WARRANTY ABOUT THE ACCURACY, COMPLETENESS, TIMELINESS, OR QUALITY OF THE EDX SITE OR ANY COURSES OR CONTENT, OR THAT ANY PARTICULAR COURSES OR CONTENT WILL CONTINUE TO BE MADE AVAILABLE. “EDX PARTICIPANTS” MEANS MIT, HARVARD, THE OTHER MEMBERS, THE ENTITIES PROVIDING INFORMATION, CONTENT, OR SERVICES FOR THE EDX SITE, THE COURSE INSTRUCTORS, AND THEIR STAFFS.
USE OF THE EDX SITE, AND THE CONTENT AND SERVICES OBTAINED FROM OR THROUGH THE EDX SITE, IS AT YOUR OWN RISK. YOUR ACCESS TO OR DOWNLOAD OF INFORMATION, MATERIALS, OR DATA THROUGH THE EDX SITE OR ANY REFERENCE SITES IS AT YOUR OWN DISCRETION AND RISK, AND YOU WILL BE SOLELY RESPONSIBLE FOR ANY DAMAGE TO YOUR PROPERTY (INCLUDING YOUR COMPUTER SYSTEM) OR LOSS OF DATA THAT RESULTS FROM THE DOWNLOAD OR USE OF SUCH MATERIAL OR DATA, UNLESS OTHERWISE EXPRESSLY PROVIDED FOR IN THE PRIVACY POLICY.",,Disclaimers of Warranty / Limitations of Liabilities,
,"You understand that when using the edX Site you will be exposed to User Postings from a variety of sources and that neither edX nor the edX Participants are responsible for the accuracy, usefulness, reliability or intellectual property rights of or relating to such User Postings. You further understand and acknowledge that you may be exposed to User Postings that are inaccurate, offensive, defamatory, indecent or objectionable and you agree to waive, and hereby do waive, any legal or equitable rights or remedies you have or may have against edX or any of the edX Participants with respect thereto. Neither edX nor any of the edX Participants endorse any User Postings or any opinion, recommendation or advice expressed therein. Neither edX nor any of the edX Participants have any obligation to monitor any User Postings or any other user communications through the edX Site.                                                                                                                                                                              However, edX reserves the right to review User Postings and to exercise its sole discretion to edit or remove, in whole or in part, any User Posting at any time and for any reason, or to allow the edX Participants to do so. Without limiting the foregoing, upon receiving notice from a user or a content owner that a User Posting allegedly does not conform to these TOS, edX may investigate the allegation and determine in its sole discretion whether to remove the User Posting, which it reserves the right to do at any time and without notice.",User Postings Disclaimer.,,
,"The edX Site and individual courses may be integrated with third-party services or include hyperlinks to websites maintained or controlled by third parties. edX and the edX Participants are not responsible for and do not routinely screen, approve, review or endorse the contents of or use of any of the products or services that may be offered by such third parties. A list of some such third parties, with links to their terms of use and privacy policies, is maintained and available at the edX learner Help Center. If you decide to access any third-party services or linked third-party websites, you do so at your own risk.                                                                                                                                                                                                                                                                                                                                          TO THE FULLEST EXTENT PERMITTED BY APPLICABLE LAW, YOU AGREE THAT NEITHER EDX NOR ANY OF THE EDX PARTICIPANTS WILL BE LIABLE TO YOU FOR ANY LOSS OR DAMAGES, EITHER ACTUAL OR CONSEQUENTIAL, ARISING OUT OF OR RELATING TO THESE TERMS OF SERVICE, OR YOUR (OR ANY THIRD PARTY'S) USE OF OR INABILITY TO USE THE EDX SITE, OR YOUR PLACEMENT OF CONTENT ON THE EDX SITE, OR YOUR RELIANCE UPON INFORMATION OBTAINED FROM OR THROUGH THE EDX SITE, WHETHER YOUR CLAIM IS BASED IN CONTRACT, TORT, STATUTORY OR OTHER LAW.
IN PARTICULAR, TO THE FULLEST EXTENT PERMITTED BY APPLICABLE LAW, NEITHER EDX NOR ANY OF THE EDX PARTICIPANTS WILL HAVE ANY LIABILITY FOR ANY CONSEQUENTIAL, INDIRECT, PUNITIVE, SPECIAL, EXEMPLARY, OR INCIDENTAL DAMAGES, WHETHER FORESEEABLE OR UNFORESEEABLE AND WHETHER OR NOT EDX OR ANY OF THE EDX PARTICIPANTS HAS BEEN NEGLIGENT OR OTHERWISE AT FAULT (INCLUDING, BUT NOT LIMITED TO, CLAIMS FOR DEFAMATION, ERRORS, LOSS OF PROFITS, LOSS OF DATA, OR INTERRUPTION IN AVAILABILITY OF DATA).
CERTAIN STATE LAWS DO NOT ALLOW LIMITATIONS ON IMPLIED WARRANTIES OR THE EXCLUSION OR LIMITATION OF CERTAIN DAMAGES. IF THESE LAWS APPLY TO YOU, SOME OR ALL OF THE ABOVE DISCLAIMERS, EXCLUSIONS, OR LIMITATIONS MAY NOT APPLY TO YOU, AND YOU MIGHT HAVE ADDITIONAL RIGHTS.",Third-Party Services; Links to Other Websites.,,
,"You agree to defend, hold harmless, and indemnify edX and the edX Participants, and their respective subsidiaries, affiliates, officers, faculty, students, fellows, governing board members, agents and employees from and against any third-party claims, actions, or demands arising out of, resulting from or in any way related to your use of the edX Site, including any liability or expense arising from any and all claims, losses, damages (actual and consequential), suits, judgments, litigation costs, and attorneys' fees, of every kind and nature. In such a case, edX or the applicable edX Participant will provide you with written notice of such claim, suit, or action.",,Indemnification,
,"You agree that edX, in its sole discretion, may terminate your use of the edX Site or your participation in it, for any reason or no reason, upon notice to you. It is edX's policy to terminate in appropriate circumstances the accounts of users of the edX Site who are repeat copyright infringers. edX and the edX Participants reserve the right at any time in their sole discretion to cancel, delay, reschedule or alter the format of any course offered through edX, or to cease providing any part or all of the edX Site content or related services, and you agree that neither edX nor any of the edX Participants will have any liability to you for such an action. If you no longer desire to participate in the edX Site, you may terminate your participation at any time. The rights granted to you hereunder will terminate upon any termination of your right to use the edX Site, but the other provisions of the Agreements will survive any such termination.",Termination Rights; Discontinuation of Courses and Content.,Additional Terms,
,"The Agreements constitute the entire agreement between you and edX with respect to your use of the edX Site, superseding any prior agreements between you and edX regarding your use of the edX Site.",Entire Agreement.,,
,"The failure of edX to exercise or enforce any right or provision of the Agreements shall not constitute a waiver of such right or provision. If any provision of the Agreements is found by a court of competent jurisdiction to be invalid, the parties nevertheless agree that the court should endeavor to give effect to the parties' intentions as reflected in the provision and the other provisions of the Agreements shall remain in full force and effect.",Waiver and Severability.,,
,"You agree that the Agreements and any claim or dispute arising out of or relating to the Agreements or any content or service obtained from or through the edX Site will be governed by the laws of the Commonwealth of Massachusetts, excluding its conflicts of law provisions. You agree that all such claims and disputes will be heard and resolved exclusively in the federal or state courts located in and serving Cambridge, Massachusetts, U.S.A. You consent to the personal jurisdiction of those courts over you for this purpose, and you waive and agree not to assert any objection to such proceedings in those courts (including any defense or objection of lack of proper jurisdiction or venue or inconvenience of forum).                                                                                                                  Effective Date: October 28, 2019.",Choice of Law/Forum Selection.,,
,"By enrolling in a course on edX, you are joining a special worldwide community of learners. The aspiration of edX is to provide anyone with an internet connection access to courses from the best universities and institutions in the world and to provide our learners the best educational experience internet technology enables. You are a part of the community that will help edX achieve this goal. EdX depends upon your motivation to learn the material and to do so with honesty and academic integrity. In order to participate in edX, you must agree to the Honor Code below and any additional terms specific to a course or program. This Honor Code, and any additional terms, will be posted on each course website.",Collaboration Policy,Honor Code,
,"By enrolling in an edX course or program, I agree that I will:                                                                                                                                                                                                                                Complete all tests and assignments on my own, unless collaboration on an assignment is explicitly permitted.
Maintain only one user account, unless edX has approved the use of a separate user account in connection with an employer-sponsored or university-sponsored program.
Not let anyone else use my username and/or password.
Not engage in any activity that would dishonestly improve my results, or improve or hurt the results of others.
Not post answers to problems that are being used to assess learner performance.",Honor Code Pledge,,
,"If you are found in violation of the Terms of Service or Honor Code, you may be subject to one or more of the following actions:                                                                                                                     Receiving a zero or no credit for an assignment;
Having any certificate earned in the course or program withheld or revoked;
Being unenrolled from a course or program; or
Termination of your use of the edX Site.
Additional actions may be taken at the sole discretion of edX and edX Member course providers.
No refunds will be issued in the case of any corrective action for such violations.
Honor Code violations will be determined at the sole discretion of edX Members. You will be notified if a determination has been made that you have violated this Honor Code and you will be informed of the corresponding action to be taken as a result of the violation.",Violations,,
,"Please note that we review and may make changes to this Honor Code from time to time. Any changes to this Honor Code will be effective immediately upon posting on this page, with an updated effective date. By accessing the edX Site after any changes have been made, you signify your agreement on a prospective basis to the modified Honor Code and any changes contained therein. Be sure to return to this page periodically to ensure familiarity with the most current version of this Honor Code.                                                                                                                                                             Effective Date: October 28, 2019.",Changing the Honor Code,,
Edx,"EdX directly collects information when you:                                                                                                                                                                                                                                                                               sign up for an edX user account and create an edX user profile;
enroll and participate in online courses;
purchase a product or service (for example, Verified Certificates);
send email messages to edX (including messages to learner support);
participate in user surveys; and
participate in public forums, webinars, and other interactive experiences on the edX Site.
EdX also indirectly collects usage information about your visit to the edX Site, as explained in the section below titled Cookies and Tracking Technologies.
EdX does not itself collect or store financial account numbers or identification issued by a governmental entity, employer, or other authority. Instead, if you choose to make a purchase on the edX Site, for example a Verified Certificate, you will be directed to edX’s third-party payment processor and edX’s third-party ID verification service provider. If you do not wish to submit the required authentication or payment information, then you will not be able to obtain a certificate via the edX Site.
EdX requires your Personal Information limited circumstances when you:
sign up for an edX user account (name, username, email address);
purchase a Verified Certificate (so that edX’s third-party vendor can authenticate your identity) or other product or service (so that edX’s third-party vendor can process payment);
participate in remote proctoring or other course facilitation processes (so that edX’s third-party vendor can monitor and assess the integrity of your course activity); or
earn a Verified Certificate (the certificate will have your name on it).
To the extent that edX associates the information that edX collects directly or indirectly with an individual (for example, you), the association is based on Personal Information in your account profile.
You may voluntarily choose to share additional Personal Information on the edX Site, for example:
in your edX account profile (and you may display a limited or full profile to other edX Site users);
in applying for financial assistance; or
when participating in a course, forum, webinar, or other interactive experience on the edX Site (noting that in some cases, this information is shared with a third party that provides tools or other assistance for the edX Site or a course).
EdX encourages you to use discretion before voluntarily sharing additional Personal Information on the edX Site. (If you later choose to delete your edX account, deletion of your Personal Information will be subject to the process and limits outlined below.)
Members do not receive your Personal Information unless and until you enroll in a course. If you enroll in a course, the Member that offers the course will receive Personal Information from your edX account profile plus the information that edX collects about your activity and performance in the course in which you enrolled.",,INFORMATION THAT EDX COLLECTS FROM YOU (INCLUDING PERSONAL INFORMATION),Privacy Policy
,"Like many companies, edX uses Cookies and other common Tracking Technologies on the edX Site and in email communications to help edX better understand your use and needs of the edX Site, current and future edX-related products and services, and how edX and Members can improve. For example:                                                                                                                                                          based on your cookie settings, edX tracks information indicating, among other things, which pages of the edX Site were visited, the order in which they were visited, when they were visited, and which hyperlinks and other user interface controls were used;
edX may log the IP address, operating system, and browser software (including mobile use and device type when you use edX native mobile apps) you used when accessing the edX Site, and edX may be able to determine from an IP address your Internet Service Provider and the geographic location of your point of connectivity; and
edX may track and collect information from emails that edX sends to you, for example whether you opened the email or clicked on any links from the email.
EdX also partners with third parties to help us track and understand your activity on the edX Site, how you interact with edX’s social media, and how you find or may be referred to the edX Site. Individual Members may separately use Tracking Technologies within their courses and email communications to understand your activity within a course and how you find or may be referred to a course on the edX Site.
EdX and Members use Cookies and other Tracking Technologies for the following purposes:
when necessary for system administration, security, and integrity to ensure the edX Site works properly for you. Without these technologies, the edX Site may not function correctly;
to enable analytics, performance and functionality, to help edX and Members gather information about how visitors use the edX Site and monitor edX Site performance, and to enhance your experience by recognizing and remembering whether you have visited the edX Site before and may have any personal preferences; and
to support marketing by enabling edX and Members to deliver content relevant to your interests on the edX Site and third-party sites based on how you interact with edX or Member advertisements or content. EdX and Members use “first-party” cookies, which means cookies served by edX or an individual Member, and also “third-party” cookies, which means cookies served by third parties that help edX and Members track this information.
You have some options for managing Cookies and other Tracking Technologies. These include:
Modifying your browser settings: You should be able to control how and whether your web browser accepts Cookies by adjusting its privacy and security settings. The “help” feature of the menu bar on most browsers will tell you how to stop accepting new Cookies, how to receive notification of new Cookies, and how to disable existing Cookies. If you reject edX’s Cookies, many functions and conveniences of the edX Site may not work properly.
Opting-out of certain third-party tracking and advertising: Some of the third parties used by edX or a Member for Cookies and Tracking Technologies offer the ability to opt-out from their tracking by following processes described on their websites. A list of some such third parties is maintained and available at the edX learner Help Center and includes, for some, links to applicable opt-out processes. Neither edX nor any Member is responsible for the effectiveness of any third-party opt-out options.",,Cookies And Tracking Technologies on the edX Site,
,"EdX and Members use information, including Personal Information, to carry out the following purposes:                                                                                                                                                                  Operate and improve the edX Site – This includes creating and improving features that support the edX community and enable edX Site usage at scale. This also includes personalizing the edX Site, so your learning experience is tailored to your interests and needs.
Create, administer, provide, and teach courses – This includes creating and improving the delivery of massive open online courses and programs on edX. This also includes personalizing courses, so your learning experience is tailored to your interests and needs, and assessing your performance and awarding certificates.
Offer and improve products and services – This includes enabling you to navigate the edX Site, to enroll and participate in courses and programs on the edX Site, to learn effectively in such courses and programs, and to purchase or obtain products and services on the edX Site such as Verified Certificates.
Develop and maintain the security and performance of the edX Site – This includes tracking edX Site outages and creating software solutions, detecting violations of the Honor Code and Terms of Service, and monitoring uses, misuses, and potential misuses of the edX Site.
Communicate with you – This includes answering your course and platform questions, notifying you of course and edX Site maintenance and updates, marketing to you about course offerings, programs, news, and related products and services of edX or edX affiliates, and as permitted under applicable law, sending you communications about products or services of selected business partners that may be of interest to you.
Support scientific research including, for example, in the areas of cognitive science and education – This includes collaborating to enable and conduct research about how learners access and master course materials online, with the goal of improving course outcomes.
Track edX Site usage against goals and mission – This includes performing analytics to evaluate access to and performance in courses and course-related products and services and to report aggregate usage information (not Personal Information) to business partners and external audiences.
Exercise, enforce, and comply with legal rights and obligations – This includes responding to subpoenas, court orders, or other legal process; and investigating, preventing, or taking action regarding illegal activities, suspected fraud, security or technical issues, or to protect the rights, property, or safety of edX, Members, or others, and as otherwise required by applicable law.
EdX or a Member may also seek your consent for additional uses of information, including Personal Information, and will use it only for the purpose described to you. All use of Personal Information is subject to applicable law.",,HOW YOUR INFORMATION IS USED,
,"EdX and Members share information, including Personal Information, with third parties for the following purposes:                                                                                                                                                        With service providers, contractors, and other third parties that help carry out the uses described above – EdX requires third parties to: (1) abide by this Privacy Policy and applicable law; (2) handle Personal Information in a confidential manner and maintain adequate security; and (3) use Personal Information only as needed to fulfill the relevant purpose(s). In some cases, the edX Site and individual courses are integrated with third-party services or contain links to websites published by third parties, including other content providers as well as service providers. These third parties are responsible for their own privacy practices, so you should pay attention anytime you are redirected to a third-party website and be sure to review its privacy policy.
With other learners in courses that you take and with other visitors to the edX Site, to create an interactive learning environment, support class participation, and share course information – This includes sharing comments, coursework, or other information or content that you submit to a portion of the edX Site designed for viewing by other class members or for public communication. This also includes providing opportunities for you to communicate with other users who may have similar interests or educational goals, for instance, recommending specific study partners or connecting potential student mentees and mentors. In such cases, edX and each Member that offers a course in which you enrolled may use all information collected about you to determine who might be interested in communicating with you, but will only provide others your username (for clarity, no disclosure of your real name or email address).
With employers, government programs, institutions, or other enterprises that sponsor your enrollment in a course for training or other educational purposes – If an entity pays for or otherwise sponsors your Verified Certificate or course participation, edX will share information with the entity as needed to confirm your enrollment, participation, progress, and completion status in that course.
With affiliates of edX or a Member, or with successors in the event of a merger, acquisition, or reorganization, for their use consistent with this Privacy Policy.
EdX or a Member may also seek your consent for additional disclosures of information, including Personal Information, and will share it only as described to you. In addition, edX or a Member may share with the public and with third parties, including but not limited to researchers and business partners, information and Personal Information that is de-identified or aggregated in a manner that does not personally identify you.",,HOW YOUR INFORMATION IS SHARED,
,"You can manage your Personal Information through learner features on the edX Site and requests to the edX learner support team. If your request involves information controlled by a Member, edX learner support will notify and coordinate with the appropriate Member to address your request. EdX will provide support to the extent required by applicable law (for example, learners in the European Union) and more broadly when possible, as a courtesy in our sole discretion. EdX will notify you in the event that edX is unable to meet a request that is not legally required. Similarly, Members will only be obligated to comply with requests to the extent legally required, but may choose to comply with other requests in their sole discretion.    ",,HOW TO MANAGE YOUR PERSONAL INFORMATION,
,"Much of your Personal Information is available in your edX account. Your name, email address, and other identifiable profile information is editable through the profile settings in your edX account except as noted below. Your account dashboard lists all current and archived courses in which you have enrolled and includes links to any Verified Certificates you may have earned. The dashboard also contains copies of your answers and other participation and performance in courses. Please contact edX learner support to access and update this or other information. If your request involves information controlled by a Member, edX learner support will notify the appropriate Member of your request.                                                                                                                                                         Exceptions:
Usernames cannot ever be changed. This is an edX system restriction. Because usernames identify you in courses and elsewhere on the edX Site, edX encourages you to use discretion in choosing your username. If you want to protect your identity, do not use your real name or a name identifiable to you as your username.
EdX does not track or index every time or every place on the edX Site when or where a learner may volunteer Personal Information, so neither edX nor Members will be able to help you locate or manage all such instances. EdX encourages you to use discretion before volunteering Personal Information on the edX Site.",Access and correct your Personal Information,,
,"If you want to manage emails and other communications to you, you may update your preferences in your edX account dashboard, follow the steps described in links at the bottom of email messages, or contact edX learner support. You may object to, or request that edX or a Member stop, its use of your Personal Information for other purposes by contacting the edX learner support team. If your request involves information controlled by a Member, edX learner support will notify the appropriate Member of your request. Please note that if you choose to restrict edX’s or a Member’s ability to process Personal Information, and the processing is otherwise required to provide you with various services and products offered on the edX Site, you may not be able to establish an edX user account or enroll for a course, and edX or a Member may not be able to provide you with those services or products.",Restrict or object to the processing of Personal Information,,
,"To request deletion of your edX account and Personal Information, you should click the button labeled “Delete my account” in your edX account settings. Because deletion on the edX system is a permanent action and cannot be reversed, edX may ask you to complete a process that aims to confirm your authority to manage the edX account affected by your request.                                                                      With respect to your edX account, edX will permanently:
deactivate your edX account,
remove the active profile,
retire your username, and
remove you from edX email lists.
With respect to your Personal Information, edX will permanently delete your edX account profile Personal Information from the edX Site.
As noted above, to the extent that edX associates the information that edX collects directly or indirectly with an individual (for example, you), the association is based on Personal Information in your edX account profile. By erasing the Personal Information in your edX account profile, the remaining information about your activity on the edX Site will no longer be associated with you, except as noted below.
These changes will be applied to data stores that are used for operation of the edX Site including course administration by Members. If you enrolled in any courses on the edX Site, the edX learner support team will share your request with the Members that offered those courses.
Exceptions:
Deletion will not apply to historical activity logs or archives unless and until these logs and data naturally ""age-off"" the edX system.
EdX does not track or index every time or every place on the edX Site when or where a learner may volunteer Personal Information, so neither edX nor Members will be able to help you locate or manage all such instances. EdX encourages you to use discretion before voluntarily sharing your Personal Information on the edX Site.
EdX will archive course data (in a manner and to the extent permitted under applicable law) to serve its mission to enable scientific research on cognitive science and education. These archives are used to produce encrypted research data packages for Members, and Personal Information may not be deleted from research data packages retained by Members.
EdX and each applicable Member cannot always delete records of past interactions and transactions. For example, records relating to previous purchases on the edX Site must be retained for financial reporting, audit, and compliance reasons.
EdX and each Member will retain and use Personal Information as necessary to comply with its legal obligations, resolve disputes, enforce its agreements, and as otherwise permitted by applicable law.",Delete account and Personal Information,,
,"EdX will retain your Personal Information for as long as your account is active or as needed to provide you with services; to maintain a record of your transactions for financial reporting, audit, and compliance purposes; and to comply with edX’s legal obligations, resolve disputes, enforce its agreements, and as otherwise permitted by applicable law. If you enroll in a Member’s course, such Member will also retain your Personal Information for as long as needed to provide you with services; to maintain a record of your transactions for financial reporting, audit, and compliance purposes; and to comply with its legal obligations, resolve disputes, enforce its agreements, and as otherwise permitted by applicable law. Upon your request that edX deactivate your account and delete your information, edX will follow the process described above, including without limitation archiving your course data (in a manner and to the extent permitted under applicable law) to serve its mission to enable scientific research on cognitive science and education. These archives will be used to produce encrypted research data packages for Members, and each such Member may also keep and use course data for scientific research.",Data retention,,
,"EdX stores information, including Personal Information, on its own servers and also on servers of companies that edX hires to provide services. Each Member also stores information, including Personal Information, on its own servers and/or on servers of companies that the Member hires to provide services. In each case, information may be stored in the United States and in other countries where edX or a Member operates, and in countries where edX and each Member’s respective service providers operate. If you are in the European Union, Switzerland, or other regions with laws governing data collection and use, you acknowledge that edX and each Member may transfer, process and store your personal information in the United States and other countries, the privacy laws of which may be considered less strict than those of your region.                                                                                                                                                                                                                                        EdX controls its own copy of information collected through the edX Site and has an information security program designed to protect information in its possession or control. This is done through a variety of privacy and security policies, processes, and procedures. EdX uses administrative, physical, and technical safeguards that reasonably and appropriately protect the confidentiality, integrity, and availability of the information that it collects, receives, stores, or transmits. Nonetheless, no method of transmission over the Internet, or method of electronic storage, is 100% secure; and therefore, edX cannot guarantee its absolute security. While edX works hard to ensure the integrity and security of its network and systems, edX cannot guarantee that its security measures will prevent ""hackers"" or other unauthorized persons from illegally accessing or obtaining information.
If edX learns of a security breach involving its copy of your Personal Information, edX may attempt to notify you electronically so that you may take appropriate protective steps. By using the edX Site or providing Personal Information to edX, you agree that edX can communicate with you electronically regarding security, privacy, and administrative issues relating to your use of the edX Site. If a security systems breach occurs, edX may post a notice on the edX homepage (www.edx.org) or elsewhere on the edX Site and may send an email to you at the email address associated with your edX account. Depending on where you are located, you may have a legal right to receive notice of a security breach, involving your Personal Information, in writing.
If a Member learns of a security breach involving that Member’s copy of your Personal Information, the Member may attempt to notify you electronically so that you may take appropriate protective steps. By enrolling in a Member’s course on the edX Site or providing Personal Information to the Member, you agree that the Member can communicate with you electronically regarding security, privacy, and administrative issues relating to your course enrollment and participation. If a security systems breach occurs, the affected Member may post a notice on the edX site and/or send an email to you at the email address associated with your enrollment in the Member’s course on the edX Site. Depending on where you are located, you may have a legal right to receive notice of a security breach, involving your Personal Information, in writing.",,STORAGE & SECURITY,
,"This Privacy Policy will be reviewed and updated from time to time. When changes are made, the Privacy Policy will be labeled as ""Revised (date),"" indicating that you should review the new terms, which will be effective immediately upon posting on this page, with an updated effective date. By accessing the edX Site after any changes have been made, you accept the modified Privacy Policy and any changes contained therein. In case you miss the notification referenced above, be sure to return to this page periodically to ensure familiarity with the most current version of this Privacy Policy.",,Privacy Policy Updates,
,"If you have privacy concerns, have disclosed data you would prefer to keep private, or would like to access the Personal Information that edX maintains about you, please contact us at privacy@edx.org. You may also write to us at: ATTN: PRIVACY, edX Inc., 141 Portland Street, Cambridge, MA 02139 USA. If your request involves a Member, edX will notify the appropriate Member of your request.",,Contact Information,
,"Cookies are unique identifiers usually in the form of small data files placed on your device that send certain information about your activity on the edX Site or in an email communication back to edX or the authorized third party that served the cookie. EdX or third parties may also use Flash cookies.                                                                                                                                                                           EdX Site consists of all content and pages located within the edX.org web domain and all edX mobile applications.
Member is each educational institution or other leading global institution or entity that provides courses through the edX Site.
Personal Information is information that specifically identifies you or that, when combined with other information, could be used to identify you.
Tracking Technologies are web beacons, clear gifs, pixels, and similar technologies that are also unique identifiers used to track your online activity but are not stored on your device.
Verified Certificate is a virtual certificate that shows that you have successfully completed your edX course or program and verified your identity using your webcam and your acceptable form of photo ID.
Effective Date: May 15, 2018",,Glossary,