Website,Terms List,Sub Category 2,Sub Category 1,Main Category
Big Think,"This Privacy Policy covers Big Think's treatment of personal information that Big Think gathers when you are accessing or using our Services. A ""data controller"" refers to the person or organization that decides the purposes for which and the way in which any collected personal information is processed. This Privacy Policy applies when Big Think is the data controller with regard to the collected personal information referenced in this Privacy Policy. Big Think's address is: Big Think, 18 E. 17th St., 5th Floor, New York, NY 10003.                                                                                                                    This policy does not apply to the practices of companies that Big Think does not own or control, or to individuals that Big Think does not employ or manage. Bigthink.com contains links to other sites. Big Think is not responsible for the privacy policies and/or practices on other sites. When linking to another site a user should read the privacy policy stated on that site.
Please note that Big Think Edge has a separate Privacy Policy that is available at https://www.bigthinkedge.com/.",,What Does This Privacy Policy Cover?,Privacy Policy
,"We collect the following types of information from our users:                                                                                                                                                                                                                                                                     Personal Information You Provide to Us. We receive and store personal information you enter on bigthink.com, or provide to us via our other Services, or in any other way. The types of personal information collected by Big Think may include your name, e-mail address, phone number, demographic information, login information, billing information, and other information that you provide to us. You may choose not to provide us with certain personal information, but then you may not be able to take advantage of some or all of the Services. The personal information you provide is used for such purposes as responding to your requests for certain information, products and services, customizing the advertising and content you see, and communicating with you about specials and new features.
By providing the Services your email address, you consent to our using the email address to send you Services-related notices, including any notices required by law, in lieu of communication by postal mail. We may also use your email address to send you other messages, such as newsletters, changes to features of the Services, or special offers. If you do not want to receive such messages, you may withdraw consent by opting out, which you may do by emailing us at privacy@bigthink.com. You will also have the opportunity to unsubscribe at the bottom of every email that is received. Opting out may prevent you from receiving messages regarding updates, improvements, or offers. Please note that if you do not want to receive legal notices and policies from us via email, those legal notices and policies will still govern your access to and use of bigthink.com and the other Services, and you are responsible for reviewing such legal notices and policies for changes.
Personal Information Collected Automatically. We receive and store certain types of information whenever you interact with our Services. Big Think automatically receives and records information on our server logs from your browser, including your IP address, Big Think cookie information, and the page you requested. We also record the details of your transactions on bigthink.com.
Generally, Big Think automatically collects usage information, such as the numbers and frequency of visitors to our site and its components. This type of aggregate data enables us to figure out how often users use parts of bigthink.com or other Services so that we can make our Services appealing to users and improve those Services. As part of this use of information, we may provide aggregate information to our partners about how our users, collectively, use our site.
E-mail Communications. We often receive a confirmation when you open an e-mail from Big Think if your computer supports this type of program. Big Think uses this confirmation to help us make e-mails more interesting and helpful. We also compare our user list to lists received from other companies in an effort to avoid sending unnecessary messages to our users.",,What Personal Information Does Big Think Collect?,
,"The legal bases for the processing of your personal information are our legitimate interests, namely the management of our client/user relationships and the administration of our Services and business, and in some circumstances, your consent, which you may withdraw at any time by emailing us at privacy@bigthink.com.",,Legal Bases for Processing Personal Information,
,"We use information that we collect about you or that you provide to us, including any personal information:                                                                                                                                                                                     To present our Services and their contents to you.
To provide you with information, products or services that you request from us.
To fulfill any other purpose for which you provide your information.
To provide you with notices about your Big Think account.
To carry out our obligations and enforce our rights arising from any contracts entered into between you and us, including for billing and collection.
To notify you about changes to our Services or any products or services we offer or provide through it.
For the purpose of aggregated statistical analysis of how you and others use our website and our Services.
For developing and marketing other services.
For the management of our relationships and the administration of our Services and business.
In any other way we may describe when you provide the information.
For any other legal purpose with your consent.
We may also use your personal information to contact you about our own and third parties' goods and services that we believe may be of interest to you. If you do not want us to use your information in this way, please send us an email at privacy@bigthink.com.",,How Does Big Think Use Your Information?,
,"As you navigate through and interact with our Services, we may use automatic data collection technologies to collect certain information about your equipment, browsing actions and usage patterns. We also may use these technologies to collect information about your online activities over time and across third-party websites or other online services (behavioral tracking). This data helps us to improve our Services and to deliver better and more personalized features to you.",,Automatic Data Collection Technologies,
,"Cookies are data that we transfer to your computer's hard drive through your browser to enable our systems to recognize your browser and tell us how and when pages in our site are visited and by how many people. Big Think cookies do not collect personal information, and we do not combine the general information collected through cookies with other personal information to tell us who you are or your screen name or email address. By using our Services, you consent to our use of cookies.                                                                                                                                                                                                Most browsers have an option for turning off the cookie feature, which will prevent your browser from accepting new cookies and may allow you to decide on acceptance of each new cookie in a variety of ways. We recommend that you leave the cookies activated because cookies enable you to take advantage of certain Services, including some of our most attractive features.
Ads appearing on bigthink.com may be delivered to users by our advertising partners, who may set cookies. These cookies allow the ad server to recognize your computer each time they send you an online advertisement to compile information about you or others who use your computer. This information allows ad networks to, among other things, deliver targeted advertisements that they believe will be of most interest to you. This Privacy Policy does not cover the use of cookies by any advertisers.",,What About Cookies?,
,"We share your personal information only as described below.                                                                                                                                                                                                                                                          Third Parties. We are affiliated with a variety of businesses and work closely with them. These businesses may operate stores at bigthink.com or sell items to you through bigthink.com. Big Think may provide services, or sell products jointly with affiliated businesses. We may share information with third parties that provide products and services related to our business. We may also share your information with third parties for marketing purposes. This may include third parties whose products or services we think may interest you. These third parties may use your information for their own marketing purposes or the marketing purposes of others, and this may include the delivery of interest-based advertising. These third parties may also share your information with other parties.
Data Processors and Agents. In some cases, we use third-party service providers as agents and/or data processors to process personal information. Examples include sending email, analyzing data, and providing user services. Personal information is collected and/or shared to the extent necessary to enable such processing. These data processors include GetResponse, Google Analytics, and JW Player, and may also include other service providers that facilitate processing of information to enable the Services to function. Unless we tell you differently, Big Think's data processors and agents do not have any right to use personal information we share with them beyond what is necessary to assist us.
Promotional Offers. We do not currently send offers to users on behalf of other businesses, but reserve the right to do so. If we do so, we will not give the other business your name and address. If you receive an offer and do not wish to receive further offers, please send us an email to unsubscribe or click on the unsubscribe link at the bottom of the email.
Business Transfers. In some cases, we may choose to buy or sell assets. In these types of transactions, personal information is typically one of the business assets that is transferred. Moreover, if Big Think, or substantially all of its assets were acquired, or in the unlikely event that Big Think goes out of business or enters bankruptcy, personal information would be one of the assets that is transferred or acquired by a third party. You acknowledge that such transfers may occur, and that any acquirer of Big Think may continue to use your personal information as set forth in this Privacy Policy.
Protection of Big Think and Others. We may release personal information when we believe in good faith that release is necessary to comply with that law; enforce or apply our Terms of Use and other agreements; or protect the rights, property, safety, or security of Big Think, our employees, our users, or others. This includes, without limitation, exchanging information with other companies and organizations for fraud protection.
With Your Consent. Except as set forth above, you will be notified when your personal information may be shared with third parties, and will be given the option to prevent the sharing of this information.",,Will Big Think Share the Personal Information It Receives?,
,"Do Not Track is a privacy preference that users can set in their web browsers. When a user turns on the Do Not Track signal, the browser sends a message to websites requesting them not to track the user. At this time, we do not respond to Do Not Track browser settings or signals. For information about Do Not Track, please visit: www.allaboutdnt.org. ",,Do Not Track Disclosure,
,"Big Think endeavors to protect personal information. We have implemented reasonable measures designed to secure your personal information from accidental loss and from unauthorized access, use, alteration and disclosure. Unfortunately, the transmission of information via the internet is not completely secure, and Big Think cannot guarantee the security of personal information. Unauthorized entry or use, hardware or software failure, and other factors may compromise the security of personal information at any time. For additional information about the security measures Big Think uses in connection with our Services, please contact us at privacy@bigthink.com.",,Is My Personal Information Secure?,
,"Your information may be transferred, stored, or processed on servers outside of your home country. Where this is the case, we transfer information on the basis of mechanisms approved under applicable laws, and will take steps to make sure the right security measures are taken so that your privacy rights continue to be protected as outlined in this Privacy Policy. By submitting your personal information, you're agreeing to this transfer, storing, and/or processing.",,Transfer of Information,
,"Collected personal information will be retained for no longer than is necessary to fulfill the purposes for which it was collected, or as required by applicable laws or regulations. Server log information and email communications are generally retained for no longer than a period of one year.",,How Long Do We Retain Your Information?,
,"Our site and our Services are not directed to individuals under 16. We do not knowingly collect personal information from children under 16. If we become aware that a child under 16 has provided us with personal information, we will take steps to delete such information. If you become aware that a child has provided us with personal information, please contact us at privacy@bigthink.com",,Children's Privacy,
,"As stated previously, if collection of personal information is based on your consent, you may withdraw your consent at any time by emailing us at privacy@bigthink.com. Please be aware that this may prevent you from taking advantage of certain features and functionality of Big Think's Services.                                                                                                                                                              You may update or correct certain personal information at any time by contacting us at privacy@bigthink.com. When you update information, however, we may maintain a copy of the unrevised information in our records.
You can also email us at privacy@bigthink.com if you would like to ask us to remove certain information you think is inaccurate.
Please be aware that you have the following additional rights with regards to your personal information:
Access to personal information. This is your right to request a copy of the personal information that we hold about you. If you would like a copy of some or all of your personal information, please email us at privacy@bigthink.com or write to us at the following address: Big Think, 18 E. 17th St., 5th Floor, New York, NY 10003.
Deletion of personal information. Should you wish for Big Think to delete your personal information, please email us at privacy@bigthink.com or write to us at the above mailing address. Please be aware that information may be retained despite a request for deletion in certain situations, including where processing is required for Big Think's compliance with a legal obligation or Big Think's establishment, exercise, or defense of legal claims.
Restrict/suspend/object to processing of personal information. In certain circumstances, you have the right to restrict or suspend processing of your personal information, as well as the right to object to the processing of your personal information. You also have the right to object to the processing of your personal information for direct marketing purposes.
Complaining to an authority. If you feel that your personal information has been processed in a way that does not meet the requirements of the law, you may lodge a complaint with a relevant supervisory or regulatory authority.
Data portability. When processing of personal information is based on consent or contract, and carried out by automated means, you have the right to receive the personal information which you have provided to Big Think in a structured, commonly used, and machine-readable format, and have the right to transmit that information to another data controller without delay.",,What Other Rights and Choices Do I Have?,
,"Big Think may make changes to this Privacy Policy from time to time for any reason. Use of information we collect now is subject to the Privacy Policy in effect at the time such information is used or collected. If we make changes in the way we use personal information, we will notify you via e-mail or by posting an announcement on bigthink.com. Users are bound by any changes to the Privacy Policy when the user accesses or uses our Services after such changes have been first posted.",,Changes to this Privacy Policy,
,"If you are a user with a disability, or an individual assisting a user with a disability, and need alternative access to this Privacy Policy, please contact us at privacy@bigthink.com",,Alternative Access to Privacy Policy,
,"Please contact us with any questions or comments about this Privacy Policy, your personal information, our use and disclosure practices, or your consent choices by email at privacy@bigthink.com or mail at:                                                                                                                                                                                                                                                                                                                                    Big Think
18 E. 17th St., 5th Floor
New York, NY 10003",,Contact Information,
,"Big Think does not currently sell Nevada residents' personal information (as sales are defined in Nevada Revised Statutes Chapter 603A). Should we do so, we will update this section of the Privacy Policy.                                                                                                                                                                                                                                                                                                                                      Residents of Nevada have the right to opt out of the sale of certain personal information to persons who license or sell your personal information. To exercise this right, contact us at privacy@bigthink.com with the subject line ""Nevada Do Not Sell Request"" and include your name and the email address associated with your account.",,Nevada Residents,
,"Last updated on June 10, 2020                                                                                                                                                                                                                                                                                       PLEASE READ THESE TERMS OF USE (""AGREEMENT"" OR ""TERMS OF USE"") CAREFULLY BEFORE USING THE BIGTHINK.COM WEBSITE (THE ""SITE""), OR ANY OF THE FEATURES, CONTENT, OR APPLICATIONS OFFERED FROM TIME TO TIME BY BIG THINK, INC. (""BIG THINK"") IN CONNECTION WITH THE SITE (COLLECTIVELY, THE ""SERVICES""). BY USING THE SERVICES IN ANY MANNER, INCLUDING BUT NOT LIMITED TO VISITING OR BROWSING THE SITE OR SUBMITTING COMMENTS, YOU AGREE TO BECOME BOUND BY THE TERMS AND CONDITIONS OF THESE TERMS OF USE. WE MAY CHANGE, ADD OR OTHERWISE MODIFY THESE TERMS OF USE AT ANY TIME, WHICH SHALL BECOME EFFECTIVE IMMEDIATELY UPON POSTING. IT IS YOUR RESPONSIBILITY TO REVIEW THESE TERMS OF USE PRIOR TO EACH USE OF THE SERVICES, AND BY CONTINUING TO USE THE SERVICES, YOU AGREE TO ANY CHANGES. IF YOU DO NOT AGREE TO ALL THE TERMS AND CONDITIONS OF THESE TERMS OF USE, CLICK ON THE 'CANCEL' BUTTON AND YOU WILL NOT HAVE ANY RIGHT TO USE THE SERVICES. PLEASE ALSO READ BIG THINK's Privacy Policy [https://bigthink.com/privacy] BEFORE USING THE SERVICES.",,,Terms of Use
,"All text, graphics, multimedia content or other material that you see or read on the Site and all related code (the ""Content""), excluding Contributor Submissions (as defined below), is owned or licensed to Big Think, and may not be used except as provided in these Terms of Use. You may use the Site and the Content offered thereon only for lawful, personal, non-commercial purposes. You may not use any data mining, robots, or similar data gathering and extraction tools on the Content, frame any portion of the Site or Content, or, without our prior written consent, reproduce, reprint, copy, store, publicly display, broadcast, transmit, modify, translate, port, publish, sublicense, assign, transfer, sell, loan, or otherwise distribute the Content, except that you may download one machine readable copy of selected Content from the Site for personal use only. You may not circumvent any mechanisms included in the Content for preventing the unauthorized reproduction or distribution of the Content. Your use of the Services may not in any way infringe or misappropriate the intellectual property rights of any third party.",,Big Think's Intellectual Property Rights,
,"To submit comments to the Site you must first register an account with us or a third party. During registration we ask you to provide us with certain personal information such as your name and email address, and to establish a user name and password.                                                                                                                                                                                                                                                                    In registering an account you represent and warrant:                                                                                                                                                                                                                                                             that you are an individual capable of entering into a contract, or, if you are a minor, that you have your parent's permission to do so;
that you will provide us with true, accurate, current and complete information, and that you will update such information as it may change from to time to time;
that you will maintain the security of your account, and assume full responsibility for all activities that occur under the account and any other actions taken in connection with it; and
that you will notify Big Think of any unauthorized uses of your account or any other breaches of security.",,Contributor Registration,
,"A. We welcome the submission of comments submitted by registered contributors for publication on the Site (""Contributor Submissions""). You understand that whether or not such Contributor Submissions are published, Big Think does not guarantee any confidentiality with respect to any submissions.                                                                                                                                                                   B. You shall be solely responsible for your own Contributor Submissions and the consequences of posting or publishing them. You hereby represent and warrant that any material contained in any such Contributor Submissions:                                                                                                                                                                                                                                                                                                     Is owned by you, or you have the necessary licenses, rights, consents, and permissions to use and authorize Big Think to use each and every image, sound, and other piece of content contained in each such Contributor Submission and to enable inclusion and use of such Contributor Submissions in the manner contemplated by the Site and this Agreement; without limiting the foregoing, you represent and warrant that you have the written consent, release, and/or permission of each and every identifiable individual person in the Contributor Submission to use the name or likeness of each and every such identifiable individual person to enable inclusion and use of the Contributor Submissions in the manner contemplated by the Site and this Agreement; and also without limiting the foregoing, you represent and warrant that the posting of your Contributor Submission on or through the Site does not violate the privacy rights, publicity rights, copyrights, contract rights, or any other rights of any person or entity. You agree to pay all royalties, fees, and other monies owing any person or entity by reason of any content posted by you to or through the Site.
Is not unlawful, libelous, obscene, fraudulent, indecent or pornographic; does not defame, abuse, harass, or threaten others; and is not hateful or racially, ethnically or otherwise objectionable;
Is not posted for a commercial purpose and does not contain any solicitation of funds, advertising or solicitation for goods or services;
Does not contain any software viruses, Trojan horses, worms, bombs, or any other computer code, files or programs designed to interrupt, destroy or limit the functionality of any computer software or hardware or telecommunications equipment or that may damage, detrimentally interfere with, surreptitiously intercept, or expropriate any system, data, or personal information;
Does not advocate or encourage any illegal activity or activity that might give rise to civil liability;
Does not infringe the copyright, patent, trademark, trade secret, right of publicity or other intellectual property, proprietary, contracted, personal or other right of any third party;
Does not violate the privacy rights of individuals, including other users of the Site; and
Does not violate any applicable local, state, national or international law.
C. You retain all of your ownership rights in your Contributor Submissions. However, by submitting Contributor Submissions on or to the Services, you hereby grant Big Think and any third party designated by Big Think a worldwide, non-exclusive, royalty-free, sublicenseable and transferable license to use, reproduce, distribute, edit, modify, excerpt, publish, adapt, prepare derivative works of, display, perform, and otherwise fully exploit the Contributor Submissions in any media formats and through any media channels now known or hereafter developed. You also hereby do and shall grant each user of the Services a non-exclusive license to access your Contributor Submissions through the Services, and to use, modify, reproduce, distribute, prepare derivative works of, display and perform such Contributor Submissions as permitted through the functionality of the Services. For clarity, the foregoing license grant to Big Think does not affect your other ownership or license rights in your Contributor Submissions, including the right to grant additional licenses to the material in your Contributor Submissions.
Big Think does not endorse any Contributor Submission or any opinion, recommendation, or advice expressed therein, nor are we responsible for the accuracy, usefulness, safety, or intellectual property rights of or relating to such Contributor Submissions. You shall be solely responsible for your own Contributor Submissions and the consequences of posting or publishing them. You agree that Big Think has no liability with respect to any Contributor Submissions, including, without limitation, your own submissions, and you hereby irrevocably release Big Think and its officers and directors, employees, agents, representatives and affiliates, from any and all liability arising out of or relating to Contributor Submissions posted or published by you or by other users or any part thereof.
Big Think reserves the right, in its sole discretion, to decide whether a Contributor Submission is inappropriate or violates this Agreement, including but not limited to copyright infringement, violations of intellectual property law, pornography, obscene or defamatory material, or excessive length. Big Think also reserves the right, in its sole discretion, to edit, reject, refuse to post or remove any posting (including private messages and Contributor Submissions) by you, or to restrict, suspend or terminate your access to all or any part of the Services at any time, for any or no reason, with or without prior notice. Notwithstanding the foregoing, Big Think does not and cannot review every Contributor Submission and assumes no responsibility for monitoring the Services, Content, or Contributor Submissions for inappropriate conduct, or for modifying or removing such conduct, Content or Contributor Submissions from the Services.",,Contributor Submissions,
,"We do not permit infringement of copyright or other intellectual property rights on the Services. Big Think may remove Contributor Submissions and/or terminate a Contributor's account for submitting materials in violation of these Terms of Use at any time, without prior notice and at our sole discretion. If you believe that any Contributor Submission or other content infringes upon your copyrights, please submit a notification pursuant to the Digital Millennium Copyright Act (""DMCA"") by providing our Copyright Agent with the following information in writing (see 17 U.S.C 512(c)(3) for further detail):                                                                                                                                                                                                                                                                                                                                  A physical or electronic signature of a person authorized to act on behalf of the owner of an exclusive right that is allegedly infringed;
Identification of the copyrighted work claimed to have been infringed, or, if multiple copyrighted works at a single online site are covered by a single notification, a representative list of such works at that site;
Identification of the material that is claimed to be infringing or to be the subject of infringing activity and that is to be removed or access to which is to be disabled and information reasonably sufficient to permit the service provider to locate the material;
Information reasonably sufficient to permit the service provider to contact you, such as an address, telephone number, and, if available, an electronic mail;
A statement that you have a good faith belief that use of the material in the manner complained of is not authorized by the copyright owner, its agent, or the law; and
A statement that the information in the notification is accurate, and under penalty of perjury, that you are authorized to act on behalf of the owner of an exclusive right that is allegedly infringed.
Big Think's designated Copyright Agent to receive notifications of claimed infringement is: Peter Hopkins: peter [--at--] bigthink [---dot--] com.
Please direct any complaints unrelated to the potential infringement of intellectual property rights to customerservice@bigthink.com. Once proper bona fide infringement notification is received by the Copyright Agent, it is Big Think's policy:
to remove or disable access to the infringing Content;
to notify the Content provider, member or user that it has removed or disabled access to the Content; and
that repeat offenders will have the infringing Content removed from the system and that Big Think will terminate such content provider's, member's or user's access to the service.",,DMCA Compliance,
,"The Services may contain links to pages on other websites. We have not reviewed, and cannot review, all of the material, including computer software, made available through the websites to which the Services link, and that link to the Services. Big Think does not have any control over those third party websites and webpages, and is not responsible for their contents or their use. By linking to third party website or webpage, Big Think does not represent or imply that it endorses such website or webpage. You are responsible for taking precautions as necessary to protect yourself and your computer systems from viruses, worms, Trojan horses, and other harmful or destructive content.",,Content Posted on Other Sites,
,"Big Think has no special relationship with or fiduciary duty to you. You acknowledge that Big Think has no control over, and no duty to take any action regarding: which users gains access to the Services; what Content you access via the Services; what effects the Content may have on you; how you may interpret or use the Content; or what actions you may take as a result of having been exposed to the Content. You release Big Think from all liability for you having acquired or not acquired Content through the Services. The Services may contain, or direct you to websites containing, information that some people may find offensive or inappropriate. Big Think makes no representations concerning any content contained in or accessed through the Services, and Big Think will not be responsible or liable for the accuracy, copyright compliance, legality or decency of material contained in or accessed through the Services.                                                                                                                                   THE SERVICES (INCLUDING, WITHOUT LIMITATION, ANY CONTENT) ARE PROVIDED ""AS IS"" AND ""AS AVAILABLE' AND ARE WITHOUT WARRANTY OF ANY KIND, EXPRESS OR IMPLIED, INCLUDING, BUT NOT LIMITED TO, IMPLIED WARRANTIES OF TITLE, NON-INFRINGEMENT, MERCHANTABILITY AND FITNESS FOR A PARTICULAR PURPOSE, AND ANY WARRANTIES IMPLIED BY ANY COURSE OF PERFORMANCE OR USAGE OF TRADE, ALL OF WHICH ARE EXPRESSLY DISCLAIMED. BIG THINK, AND ITS DIRECTORS, EMPLOYEES, AGENTS, SUPPLIERS, PARTNERS AND CONTENT PROVIDERS, DO NOT WARRANT THAT: (A) THE SERVICES WILL BE SECURE OR AVAILABLE AT ANY PARTICULAR TIME OR LOCATION; (B) ANY DEFECTS OR ERRORS WILL BE CORRECTED; (C) ANY CONTENT OR SOFTWARE AVAILABLE AT OR THROUGH THE SERVICES IS FREE OF VIRUSES OR OTHER HARMFUL COMPONENTS; OR (D) THE RESULTS OF USING THE SERVICES WILL MEET YOUR REQUIREMENTS. YOUR USE OF THE SERVICES IS SOLELY AT YOUR OWN RISK.
SOME STATES DO NOT ALLOW LIMITATIONS ON HOW LONG AN IMPLIED WARRANTY LASTS, SO THE ABOVE LIMITATIONS MAY NOT APPLY TO YOU.
Electronic Communications Privacy Act Notice (18USC 2701-2711): BIG THINK MAKES NO GUARANTY OF CONFIDENTIALITY OR PRIVACY OF ANY COMMUNICATION OR INFORMATION TRANSMITTED ON THE SERVICES OR ANY WEBSITE LINKED TO THE SERVICES. Big Think will not be liable for the privacy of email addresses, registration and identification information, disk space, communications, confidential or trade-secret information, or any other Content stored on Big Think's equipment, transmitted over networks accessed by the Services, or otherwise connected with your use of the Services.",,Disclaimer of Warranties,
,"IN NO EVENT SHALL BIG THINK, ITS AFFILIATES, OR THEIR RESPECTIVE OFFICERS, DIRECTORS, EMPLOYEES, OR AGENTS, BE LIABLE TO YOU FOR ANY DIRECT, INDIRECT, INCIDENTAL, SPECIAL, PUNITIVE, OR CONSEQUENTIAL DAMAGES WHATSOEVER (INCLUDING WITHOUT LIMITATION PERSONAL INJURY OR PROPERTY DAMAGE, LOST REVENUES OR PROFITS, LOSS OF BUSINESS, OR LOSS OF DATA) RELATED TO THE SERVICES OR YOUR ACCESS TO OR USE OF THE SERVICES, INCLUDING WITHOUT LIMITATION ANY SUCH DAMAGES RESULTING FROM ANY (I) USE OF THE CONTENT, (II) ANY ERRORS, MISTAKES, OR INACCURACIES OF CONTENT, (III) ANY UNAUTHORIZED ACCESS TO OR USE OF OUR SECURE SERVERS AND/OR ANY AND ALL PERSONAL INFORMATION AND/OR FINANCIAL INFORMATION STORED THEREIN, (IV) ANY INTERRUPTION OR CESSATION OF TRANSMISSION TO OR FROM THE SERVICES, OR (V) ANY BUGS, VIRUSES, TROJAN HORSES, OR THE LIKE, WHETHER BASED ON WARRANTY, CONTRACT, TORT, OR ANY OTHER LEGAL THEORY, AND WHETHER OR NOT BIG THINK IS ADVISED OF THE POSSIBILITY OF SUCH DAMAGES. THE FOREGOING LIMITATION OF LIABILITY SHALL APPLY TO THE FULLEST EXTENT PERMITTED BY LAW IN THE APPLICABLE JURISDICTION.                                                                                                 WITHOUT LIMITING THE FOREGOING, YOU SPECIFICALLY ACKNOWLEDGE THAT BIG THINK SHALL NOT BE LIABLE FOR CONTRIBUTOR SUBMISSIONS OR THE DEFAMATORY, OFFENSIVE, OR ILLEGAL CONDUCT OF ANY THIRD PARTY AND THAT THE RISK OF HARM OR DAMAGE FROM THE FOREGOING RESTS ENTIRELY WITH YOU.
The Services are controlled and offered by Big Think from its facilities in the United States of America. Big Think makes no representations that the Services are appropriate or available for use in other locations. Those who access or use the Services from other jurisdictions do so at their own volition and are responsible for compliance with local law.",,Limitation of Liability,
,"You agree to defend, indemnify, and hold harmless Big Think and our affiliates and subsidiaries, and their respective employees, contractors, officers, directors, and agents (collectively, the ""Indemnified Parties""), from and against any claim, damages, loss, costs, expenses, or liability, including, without limitation, reasonable attorney's fees (collectively, ""Liabilities""), incurred by the Indemnified Parties in connection with any claim arising from (i) your use of and access to the Services (including, without limitation, the Site) or any content that you post thereon; (ii) your violation of any term of these Terms of Use or your representations and warranties set forth herein; (iii) your violation of any third party right, including without limitation any copyright, property, or privacy right; or (iv) damage to a third party caused by one of your User Contributions. We reserve the right, at our own expense, to assume the exclusive defense and control of any matter otherwise subject to indemnification by you, in which event you will cooperate as fully as reasonably required in the defense of any such matter. This defense and indemnification will survive these Terms of Use and your use of the Services.",,Indemnification,
,"Big Think may change, add or otherwise modify these Terms of Use at any time in its sole discretion, which shall become effective immediately upon posting. Your continued use of the Services after such changes have been made constitutes acceptance of the revised Terms of Use. Big Think may, at any time, modify, withdraw or suspend any content or functionality on the Services in its sole discretion, including the cessation of all activities associated with the Site. Big Think shall not be liable to you or to any third party for any modification, suspension or discontinuance of the Services. Big Think may terminate your use of the Services at any time without notice, for any or no reason, in its sole discretion.",,Changes to Terms of Use; Changes to the Services; Termination of Use,
,"These Terms of Use, together with any policies referenced herein, constitute the entire agreement between Big Think and you concerning the subject matter hereof. Except to the extent applicable law, if any, provides otherwise, these Terms of Use and any access to or use of the Services will be governed by the laws of the State of New York, excluding its conflict of law provisions. No agency, partnership, joint venture, or employment is created as a result of this Agreement and you do not have any authority of any kind to bind Big Think in any respect whatsoever. Any dispute arising from or relating to the subject matter of this Agreement shall be finally settled by arbitration in New York County, New York, using the English language in accordance with the Arbitration Rules and Procedures of Judicial Arbitration and Mediation Services, Inc. (""JAMS"") then in effect, by one commercial arbitrator with substantial experience in resolving intellectual property and commercial contract disputes, who shall be selected from the appropriate list of JAMS arbitrators in accordance with the Arbitration Rules and Procedures of JAMS. The arbitrator shall have the authority to grant specific performance and to allocate between the parties the costs of arbitration (including service fees, arbitrator fees and all other fees related to the arbitration) in such equitable manner as the arbitrator may determine. The prevailing party in the arbitration shall be entitled to receive reimbursement of its reasonable expenses (including reasonable attorneys' fees, expert witness fees and all other expenses) incurred in connection therewith. Judgment upon the award so rendered may be entered in a court having jurisdiction or application may be made to such court for judicial acceptance of any award and an order of enforcement, as the case may be. Notwithstanding the foregoing, each party shall have the right to institute an action in a court of proper jurisdiction for preliminary injunctive relief pending a final decision by the arbitrator, and the proper venue for any disputes arising out of or relating to any of the same will be the state and federal courts located in the State of New York and the City of New York. If any provision of these Terms of Use is deemed invalid by an arbitrator or court of competent jurisdiction, the invalidity of such provision shall not affect the validity of the remaining provisions of these Terms of Use, which shall remain in full force and effect. A waiver by either party of any term or condition of these Terms of Use or any breach thereof, in any one instance, will not waive such term or condition or any subsequent breach thereof. You may not assign your rights under these Terms of Use; Big Think may assign its rights under these Terms of Use without condition. These Terms of Use will be binding upon and will inure to the benefit of the parties, and their successors and permitted assigns.",,Miscellaneous,