Terms List,SUB CATEGORY 2,SUB CATEGORY 1,MAIN CATEGORY
"This website is operated by Refsnes Data as. Throughout the site, the terms ""we"", ""us"" and ""our"" refer to Refsnes Data as. Refsnes Data as offers this website, including all information, tools and services available from this site to you, the user, conditioned upon your acceptance of all terms, conditions, policies and notices stated here.

By visiting our site and/ or purchasing something from us, you engage in our ""Service"" and agree to be bound by the following terms and conditions (""Terms of Service"", ""Terms""), including those additional terms and conditions and policies referenced herein and/or available by hyperlink. These Terms of Service apply to all users of the site, including without limitation users who are browsers, vendors, customers, merchants, and/ or contributors of content.

Please read these Terms of Service carefully before accessing or using our website. By accessing or using any part of the site, you agree to be bound by these Terms of Service. If you do not agree to all the terms and conditions of this agreement, then you may not access the website or use any services. If these Terms of Service are considered an offer, acceptance is expressly limited to these Terms of Service.

Any new features or tools which are added to the current site shall also be subject to the Terms of Service. You can review the most current version of the Terms of Service at any time on this page. We reserve the right to update, change or replace any part of these Terms of Service by posting updates and/or changes to our website. It is your responsibility to check this page periodically for changes. Your continued use of or access to the website following the posting of any changes constitutes acceptance of those changes.",,Overview,Terms of service
"By agreeing to these Terms of Service, you represent that you are at least the age of majority in your state or province of residence, or that you are the age of majority in your state or province of residence and you have given us your consent to allow any of your minor dependents to use this site.
You may not use our products for any illegal or unauthorized purpose nor may you, in the use of the Service, violate any laws in your jurisdiction (including but not limited to copyright laws).
You must not transmit any worms or viruses or any code of a destructive nature.
A breach or violation of any of the Terms will result in an immediate termination of your Services.",,"Site Usage Terms

", 
"We reserve the right to refuse service to anyone for any reason at any time.
You understand that your content (not including credit card information), may be transferred unencrypted and involve (a) transmissions over various networks; and (b) changes to conform and adapt to technical requirements of connecting networks or devices. Credit card information is always encrypted during transfer over networks.
You agree not to reproduce, duplicate, copy, sell, resell or exploit any portion of the Service, use of the Service, or access to the Service or any contact on the website through which the service is provided, without express written permission by us.
The headings used in this agreement are included for convenience only and will not limit or otherwise affect these Terms.",,"General Conditions
",
"Fair use defines Refsnes Data as' exceptions to the rights protected by copyright laws.
Fair use of W3Schools includes using copyrighted material:
In research
In news reporting
In citations
In commentary
Fair use of W3Schools also includes:
Linking to W3Schools
Adding W3Schools to search engines
Library archiving W3Schools",,"Fair Use
",
"Copying examples and code snippets for non-profit teaching and research.
Copying small quantities, appropriate for classroom teaching.","Favorable Use:
","Using W3Schools in Teaching
",
"Copying for profitable or commercial use.
Massive or verbatim copying.
Copying large quantities.","Not Favorable Use:
",,
"We are not responsible if information made available on this site is not accurate, complete or current.

The material on this site is provided for general information only and should not be relied upon or used as the sole basis for making decisions without consulting primary, more accurate, more complete or more timely sources of information. Any reliance on the material on this site is at your own risk.

This site may contain certain historical information. Historical information, necessarily, is not current and is provided for your reference only. We reserve the right to modify the contents of this site at any time, but we have no obligation to update any information on our site. You agree that it is your responsibility to monitor changes to our site.

If you discover that the site or its contents contains errors, please contact us so these can be corrected.

Contact address:

help@w3schools.com",,"Accuracy, Completeness and Timeliness of Information
",
"Prices for our products are subject to change without notice.

We reserve the right at any time to modify or discontinue the Service (or any part or content thereof) without notice at any time.

We shall not be liable to you or to any third-party for any modification, price change, suspension or discontinuance of the Service.",,"Modifications to the Service and Prices
",
"Certain products or services may be available exclusively online through the website.

We have made every effort to display as accurately as possible the colors and images of our products that appear at the store. We cannot guarantee that your computer monitor's display of any color will be accurate.

We reserve the right, but are not obligated, to limit the sales of our products or Services to any person, geographic region or jurisdiction. We may exercise this right on a case-by-case basis.

We reserve the right to limit the quantities of any products or services that we offer. All descriptions of products or product pricing are subject to change at anytime without notice, at the sole discretion of us.

We reserve the right to discontinue any product at any time. Any offer for any product or service made on this site is void where prohibited.

We do not warrant that the quality of any products, services, information, or other material purchased or obtained by you will meet your expectations, or that any errors in the Service will be corrected.",,"Products or Services
",
"We reserve the right to refuse any order you place with us. We may, in our sole discretion, limit or cancel quantities purchased per person, per household or per order. These restrictions may include orders placed by or under the same customer account, the same credit card, and/or orders that use the same billing and/or shipping address.

In the event that we make a change to or cancel an order, we may attempt to notify you by contacting the e?mail and/or billing address/phone number provided at the time the order was made.

We reserve the right to limit or prohibit orders that, in our sole judgment, appear to be placed by dealers, resellers or distributors.

You agree to provide current, complete and accurate purchase and account information for all purchases made on our site. You agree to promptly update your account and other information, including your email address and credit card numbers and expiration dates, so that we can complete your transactions and contact you as needed.",,"Accuracy of Billing and Account Information
",
"We may provide you with access to third-party tools over which we neither monitor nor have any control nor input.  You acknowledge and agree that we provide access to such tools ""as is"" and ""as available"" without any warranties, representations or conditions of any kind and without any endorsement. We shall have no liability whatsoever arising from or relating to your use of optional third-party tools.

Any use by you of optional tools offered through the site is entirely at your own risk and discretion and you should ensure that you are familiar with and approve of the terms on which tools are provided by the relevant third-party provider(s).

We may also, in the future, offer new services and/or features through the website (including, the release of new tools and resources). Such new features and/or services shall also be subject to these Terms of Service.",,"Optional Tools
",
"Certain content, products and services available via our Service may include materials from third-parties.

Third-party links on this site may direct you to third-party websites that are not affiliated with us. We are not responsible for examining or evaluating the content or accuracy and we do not warrant and will not have any liability or responsibility for any third-party materials or websites, or for any other materials, products, or services of third-parties.

We are not liable for any harm or damages related to the purchase or use of goods, services, resources, content, or any other transactions made in connection with any third-party websites. Please review carefully the third-party's policies and practices and make sure you understand them before you engage in any transaction. Complaints, claims, concerns, or questions regarding third-party products should be directed to the third-party.",,"Third-Party Links
",
"If, at our request, you send certain specific submissions (for example contest entries) or without a request from us you send creative ideas, suggestions, proposals, plans, or other materials, whether online, by email, by postal mail, or otherwise (collectively, 'comments'), you agree that we may, at any time, without restriction, edit, copy, publish, distribute, translate and otherwise use in any medium any comments that you forward to us.

We are and shall be under no obligation (1) to maintain any comments in confidence; (2) to pay compensation for any comments; or (3) to respond to any comments.

We may, but have no obligation to, monitor, edit or remove content that we determine in our sole discretion are unlawful, offensive, threatening, libelous, defamatory, pornographic, obscene or otherwise objectionable or violates any party's intellectual property or these Terms of Service.

You agree that your comments will not violate any right of any third-party, including copyright, trademark, privacy, personality or other personal or proprietary right. You further agree that your comments will not contain libelous or otherwise unlawful, abusive or obscene material, or contain any computer virus or other malware that could in any way affect the operation of the Service or any related website. You may not use a false e?mail address, pretend to be someone other than yourself, or otherwise mislead us or third-parties as to the origin of any comments. You are solely responsible for any comments you make and their accuracy.

We take no responsibility and assume no liability for any comments posted by you or any third-party.",,"User Comments, Feedback, and Other Submissions
",
"Your submission of personal information through the site is governed by our Privacy Policy.

",,"Personal Information
",
"Occasionally there may be information on our site or in the Service that contains typographical errors, inaccuracies or omissions that may relate to product descriptions, pricing, promotions, offers, product shipping charges, transit times and availability. We reserve the right to correct any errors, inaccuracies or omissions, and to change or update information or cancel orders if any information in the Service or on any related website is inaccurate at any time without prior notice (including after you have submitted your order).

We undertake no obligation to update, amend or clarify information in the Service or on any related website, including without limitation, pricing information, except as required by law. No specified update or refresh date applied in the Service or on any related website, should be taken to indicate that all information in the Service or on any related website has been modified or updated",,"Errors, Inaccuracies and Omissions
",
"In addition to other prohibitions as set forth in the Terms of Service, you are prohibited from using the site or its content:

(a) for any unlawful purpose; (b) to solicit others to perform or participate in any unlawful acts; (c) to violate any international, federal, provincial or state regulations, rules, laws, or local ordinances; (d) to infringe upon or violate our intellectual property rights or the intellectual property rights of others; (e) to harass, abuse, insult, harm, defame, slander, disparage, intimidate, or discriminate based on gender, sexual orientation, religion, ethnicity, race, age, national origin, or disability; (f) to submit false or misleading information; (g) to upload or transmit viruses or any other type of malicious code that will or may be used in any way that will affect the functionality or operation of the Service or of any related website, other websites, or the Internet; (h) to collect or track the personal information of others; (i) to spam, phish, pharm, pretext, spider, crawl, or scrape; (j) for any obscene or immoral purpose; or (k) to interfere with or circumvent the security features of the Service or any related website, other websites, or the Internet.

We reserve the right to terminate your use of the Service or any related website for violating any of the prohibited uses.",,"Prohibited Uses
",
"We do not guarantee, represent or warrant that your use of our service will be uninterrupted, timely, secure or error-free.

We do not warrant that the results that may be obtained from the use of the service will be accurate or reliable. You agree that from time to time we may remove the service for indefinite periods of time or cancel the service at any time, without notice to you.

You expressly agree that your use of, or inability to use, the service is at your sole risk. The service and all products and services delivered to you through the service are (except as expressly stated by us) provided 'as is' and 'as available' for your use, without any representation, warranties or conditions of any kind, either express or implied, including all implied warranties or conditions of merchantability, merchantable quality, fitness for a particular purpose, durability, title, and non-infringement.

In no case shall Refsnes Data as, our directors, officers, employees, affiliates, agents, contractors, interns, suppliers, service providers or licensors be liable for any injury, loss, claim, or any direct, indirect, incidental, punitive, special, or consequential damages of any kind, including, without limitation lost profits, lost revenue, lost savings, loss of data, replacement costs, or any similar damages, whether based in contract, tort (including negligence), strict liability or otherwise, arising from your use of any of the service or any products procured using the service, or for any other claim related in any way to your use of the service or any product, including, but not limited to, any errors or omissions in any content, or any loss or damage of any kind incurred as a result of the use of the service or any content (or product) posted, transmitted, or otherwise made available via the service, even if advised of their possibility. Because some states or jurisdictions do not allow the exclusion or the limitation of liability for consequential or incidental damages, in such states or jurisdictions, our liability shall be limited to the maximum extent permitted by law.",,"Disclaimer of Warranties; Limitation of Liability
",
"You agree to indemnify, defend and hold harmless Refsnes Data as and our parent, subsidiaries, affiliates, partners, officers, directors, agents, contractors, licensors, service providers, subcontractors, suppliers, interns and employees, harmless from any claim or demand, including reasonable attorneys' fees, made by any third-party due to or arising out of your breach of these Terms of Service or the documents they incorporate by reference, or your violation of any law or the rights of a third-party.

",,Indemnification,
"The failure of us to exercise or enforce any right or provision of these Terms of Service shall not constitute a waiver of such right or provision.

These Terms of Service and any policies or operating rules posted by us on this site or in respect to The Service constitutes the entire agreement and understanding between you and us and govern your use of the Service, superseding any prior or contemporaneous agreements, communications and proposals, whether oral or written, between you and us (including, but not limited to, any prior versions of the Terms of Service).

Any ambiguities in the interpretation of these Terms of Service shall not be construed against the drafting party.",,"Entire Agreement
",
"These Terms of Service and any separate agreements whereby we provide you Services shall be governed by and construed in accordance with the laws of Norway.

",,"Governing Law
",
"You can review the most current version of the Terms of Service at any time at this page.

We reserve the right, at our sole discretion, to update, change or replace any part of these Terms of Service by posting updates and changes to our website. It is your responsibility to check our website periodically for changes.

Your continued use of or access to our website or the Service following the posting of any changes to these Terms of Service constitutes acceptance of those changes.",,"Changs to Terms of Service
",
"If you have any questions or conserns regarding these Terms, please contact us at help@w3schools.com

",,"Contact Information
",
"This Privacy Policy describes how your personal information is collected, used, and shared when you visit or make a purchase from w3schools.com (the ""Site"").",,"Privacy Statement for W3Schools
",Privacy
"When you visit the Site, we automatically collect certain information about your device, including information about your web browser, IP address, time zone, and some of the cookies that are installed on your device. Additionally, as you browse the Site, we collect information about the individual web pages or products that you view, what websites or search terms referred you to the Site, and information about how you interact with the Site. We refer to this automatically-collected information as ""Device Information"".

We collect Device Information using the following technologies:

""Cookies"" are data files that are placed on your device or computer and often include an anonymous unique identifier. For more information about cookies, and how to disable cookies, visit http://www.allaboutcookies.org.
""Log files"", and User Accounts, track actions occurring on the Site, and collect data including your IP address, browser type, Internet service provider, referring/exit pages, and date/time stamps.
""Web beacons"", ""tags"", and ""pixels"" are electronic files used to record information about how you browse the Site.
Additionally when you make a purchase or attempt to make a purchase through the Site, we collect certain information from you, including your name, billing address, shipping address, payment information (including credit card numbers, email address, and phone number. We refer to this information as ""Order Information"".",,"Personal information we collect
",
"When we talk about ""Personal Information"" in this Privacy Policy, we are talking both about Device Information and Order Information.

How do we use your personal information?
We use the Order Information that we collect generally to fulfill any orders placed through the Site (including processing your payment information, arranging for shipping, and providing you with invoices and/or order confirmations). Additionally, we use this Order Information to:

Communicate with you;
Screen our orders for potential risk or fraud; and
When in line with the preferences you have shared with us, provide you with information or advertising relating to our products or services.
We use the Device Information that we collect to help us screen for potential risk and fraud (in particular, your IP address), and more generally to improve and optimize our Site (for example, by generating analytics about how our customers browse and interact with the Site, and to assess the success of our marketing and advertising campaigns).

We use your account information that we collect generally to generate statistics for you, and provide personalized roadmaps. Additionally, we use this information to:

Communicate with you;
When in line with the preferences you have shared with us, provide you with information or advertising relating to our products or services.",,Personal User Information,"
"
"We share your Personal Information with third parties to help us use your Personal Information, as described above.

For example, we use Google Analytics to help us understand how our customers use the Site -- you can read more about how Google uses your Personal Information here: https://www.google.com/intl/en/policies/privacy/. You can also opt-out of Google Analytics here: https://tools.google.com/dlpage/gaoptout.

We also use Shopify to power our online store--you can read more about how Shopify uses your Personal Information here: https://www.shopify.com/legal/privacy.

We fund our site by showing adverts as you browse our site. These adverts are usually managed by a partner specializing in providing adverts for multiple sites. Invariably these partners collect anonymous data about the websites you visits so they can personalize the adverts to you, ensure that you don't see the same adverts too frequently and ultimately report to advertisers on which adverts are working.

Finally, we may also share your Personal Information to comply with applicable laws and regulations, to respond to a subpoena, search warrant or other lawful request for information we receive, or to otherwise protect our rights.",,"Sharing you personal Information
",
"As described above, we use your Personal Information to provide you with targeted advertisements or marketing communications we believe may be of interest to you. For more information about how targeted advertising works, you can visit the Network Advertising Initiative's (""NAI"") educational page at http://www.networkadvertising.org/understanding-online-advertising/how-does-it-work.

You can opt out of targeted advertising by using the links below:

- Facebook: https://www.facebook.com/settings/?tab=ads
- Google: https://www.google.com/settings/ads/anonymous
- Bing: https://advertise.bingads.microsoft.com/en-us/resources/policies/personalized-ads
You can get a full list of the partners we use by accessing our ads.txt file.

Additionally, you can opt out of some of these services by visiting the Digital Advertising Alliance's opt-out portal at: http://optout.aboutads.info/.

You can learn more about online advertising, or opt-out of almost all advertising cookies at https://www.youronlinechoices.com.

Note: Opting out will not disable ads, they will just no longer be tailored to you.",,"Behavioural advertising
",
"If you want to change your choices regarding your personal information, you can use the button below:
""BUTTON""",,"Manage Consent
",
"Please note that we do not alter our Site's data collection and use practices when we see a Do Not Track signal from your browser.

",,"Do not track
",
"If you are a European resident, you have the right to access personal information we hold about you and to ask that your personal information be corrected, updated, or deleted. If you would like to exercise this right, please contact us through the contact information below.

Additionally, if you are a European resident we note that we are processing your information in order to fulfill contracts we might have with you (for example if you make an order through the Site), or otherwise to pursue our legitimate business interests listed above. Additionally, please note that your information will be transferred outside of Europe, including to Canada and the United States.",,"Your rights
",
"When you place an order through the Site, we will maintain your Order Information for our records unless and until you ask us to delete this information.

",,"Data retention
",
"We may update this privacy policy from time to time in order to reflect, for example, changes to our practices or for other operational, legal or regulatory reasons.

",,Changes,
"Our Tryit Editor allows users to store code to, or import code from, Google Drive.

This allows users to:

Store examples/code to their Google Drive
Share examples/code through Google Drive
W3Schools does not keep for ourselves, or share this information with third parties.",,"Using Google Drive in our Tryit Editor
",
W3Schools contains links to other sites. We are not responsible for the privacy practices or the content of such Web sites. This privacy document applies only to W3Schools.,,"Links
",
"For more information about our privacy practices, if you have questions, or if you would like to make a complaint, please contact us by e?mail at help@w3schools.com or by mail using the details provided below:

w3schools
[Re: Privacy Compliance Officer]
Larsamyraa 18, 4313 SANDNES, Norway",,"Contact us
",
,,,"Advertising
"
"For questions about advertisments, send an e-mail to:

billing@w3schools.com",,"Advertising Prices and Other Questions:
",
"Top banners are 728x90 pixels and should not exceed 35Kb in size. They rotate randomly in a banner rotator and are displayed in the header of every page.

Banners should not be expandable, flickering, noisy, or disturbing in any way.

","Top Banner (728 x 90 Leaderboard):
","Ad Formats:
",
"Wide Skyscraper banners are 160x600 pixels and should not exceed 35Kb in size. They rotate randomly in a banner rotator and are displayed on the right side of every tutorial page.

Banners should not be expandable, flickering, noisy, or disturbing in any way.","Wide Skyscraper (160 x 600):
",,
"W3Schools does not support paid link building or paid search engine optimization.

Paid links will automatically be given a rel=nofollow attribute, according to standard Google search engine guidelines.","Link Building
",,
"W3Schools is, and will always be, a completely free developers resource.

",,,About Us
"Many people work very hard to ensure w3schools remains useful, updated, and interesting.

If you find an error, or a broken link, please tell us about it.

Use the link ""REPORT ERROR"" at the bottom of each page","You Can Help
",,
